cycle,phase,regime,regime_cycle,depth,E_in,E_out,op,mode,result_hex,accum,region,UF,OVF
0,R1_  STRESS,R1,0,0,32,32,SUB,0,803,0,STABLE,0,0
1,R1_  STRESS,R1,1,1,32,32,SUB,0,802,0,STABLE,0,0
2,R1_  STRESS,R1,2,2,32,32,SUB,0,801,2050,STABLE,0,0
3,R1_  STRESS,R1,3,3,32,32,SUB,0,800,4099,STABLE,0,0
4,R1_  STRESS,R1,4,4,32,32,SUB,0,800,6147,STABLE,0,0
5,R1_  STRESS,R1,5,5,32,31,SUB,0,7fe,6147,STABLE,0,0
6,R1_  STRESS,R1,6,6,32,31,SUB,0,7fc,6147,STABLE,0,0
7,R1_  STRESS,R1,7,7,32,31,SUB,0,7fa,6147,STABLE,0,0
8,R1_  STRESS,R1,8,8,32,32,SUB,0,802,8198,STABLE,0,0
9,R1_  STRESS,R1,9,9,32,32,SUB,0,801,10248,STABLE,0,0
10,R1_  STRESS,R1,10,10,32,32,SUB,0,800,12297,STABLE,0,0
11,R1_  STRESS,R1,11,11,32,32,SUB,0,800,14345,STABLE,0,0
12,R1_  STRESS,R1,12,12,32,31,SUB,0,7fe,14345,STABLE,0,0
13,R1_  STRESS,R1,13,13,32,31,SUB,0,7fc,14345,STABLE,0,0
14,R1_  STRESS,R1,14,14,32,31,SUB,0,7fa,14345,STABLE,0,0
15,R1_  STRESS,R1,15,15,32,32,SUB,0,802,16396,STABLE,0,0
16,R1_  STRESS,R1,16,16,32,32,SUB,0,801,18446,STABLE,0,0
17,R1_  STRESS,R1,17,0,32,32,SUB,0,800,20495,STABLE,0,0
18,R1_  STRESS,R1,18,1,32,32,SUB,0,800,0,STABLE,0,0
19,R1_  STRESS,R1,19,2,32,31,SUB,0,7fe,0,STABLE,0,0
20,R1_  STRESS,R1,20,3,32,31,SUB,0,7fc,0,STABLE,0,0
21,R1_  STRESS,R1,21,4,32,31,SUB,0,7fa,0,STABLE,0,0
22,R1_  STRESS,R1,22,5,32,32,SUB,0,802,2051,STABLE,0,0
23,R1_  STRESS,R1,23,6,32,32,SUB,0,801,4101,STABLE,0,0
24,R1_  STRESS,R1,24,7,32,32,SUB,0,800,6150,STABLE,0,0
25,R1_  STRESS,R1,25,8,32,32,SUB,0,800,8198,STABLE,0,0
26,R1_  STRESS,R1,26,9,32,31,SUB,0,7fe,8198,STABLE,0,0
27,R1_  STRESS,R1,27,10,32,31,SUB,0,7fc,8198,STABLE,0,0
28,R1_  STRESS,R1,28,11,32,31,SUB,0,7fa,8198,STABLE,0,0
29,R1_  STRESS,R1,29,12,32,32,SUB,0,802,10249,STABLE,0,0
30,R1_  STRESS,R1,30,13,32,32,SUB,0,801,12299,STABLE,0,0
31,R1_  STRESS,R1,31,14,32,32,SUB,0,800,14348,STABLE,0,0
32,R1_  STRESS,R1,32,15,32,32,SUB,0,800,16396,STABLE,0,0
33,R1_  STRESS,R1,33,16,32,31,SUB,0,7fe,16396,STABLE,0,0
34,R1_  STRESS,R1,34,0,32,31,SUB,0,7fc,16396,STABLE,0,0
35,R1_  STRESS,R1,35,1,32,31,SUB,0,7fa,0,STABLE,0,0
36,R1_  STRESS,R1,36,2,32,32,SUB,0,802,2051,STABLE,0,0
37,R1_  STRESS,R1,37,3,32,32,SUB,0,801,4101,STABLE,0,0
38,R1_  STRESS,R1,38,4,32,32,SUB,0,800,6150,STABLE,0,0
39,R1_  STRESS,R1,39,5,32,32,SUB,0,800,8198,STABLE,0,0
40,R1_  STRESS,R1,40,6,32,31,SUB,0,7fe,8198,STABLE,0,0
41,R1_  STRESS,R1,41,7,32,31,SUB,0,7fc,8198,STABLE,0,0
42,R1_  STRESS,R1,42,8,32,31,SUB,0,7fa,8198,STABLE,0,0
43,R1_  STRESS,R1,43,9,32,32,SUB,0,802,10249,STABLE,0,0
44,R1_  STRESS,R1,44,10,32,32,SUB,0,801,12299,STABLE,0,0
45,R1_  STRESS,R1,45,11,32,32,SUB,0,800,14348,STABLE,0,0
46,R1_  STRESS,R1,46,12,32,32,SUB,0,800,16396,STABLE,0,0
47,R1_  STRESS,R1,47,13,32,31,SUB,0,7fe,16396,STABLE,0,0
48,R1_  STRESS,R1,48,14,32,31,SUB,0,7fc,16396,STABLE,0,0
49,R1_  STRESS,R1,49,15,32,31,SUB,0,7fa,16396,STABLE,0,0
50,R1_  STRESS,R1,50,16,32,32,SUB,0,802,18447,STABLE,0,0
51,R1_  STRESS,R1,51,0,32,32,SUB,0,801,20497,STABLE,0,0
52,R1_  STRESS,R1,52,1,32,32,SUB,0,800,0,STABLE,0,0
53,R1_  STRESS,R1,53,2,32,32,SUB,0,800,2048,STABLE,0,0
54,R1_  STRESS,R1,54,3,32,31,SUB,0,7fe,2048,STABLE,0,0
55,R1_  STRESS,R1,55,4,32,31,SUB,0,7fc,2048,STABLE,0,0
56,R1_  STRESS,R1,56,5,32,31,SUB,0,7fa,2048,STABLE,0,0
57,R1_  STRESS,R1,57,6,32,32,SUB,0,802,4099,STABLE,0,0
58,R1_  STRESS,R1,58,7,32,32,SUB,0,801,6149,STABLE,0,0
59,R1_  STRESS,R1,59,8,32,32,SUB,0,800,8198,STABLE,0,0
60,R1_  STRESS,R1,60,9,32,32,SUB,0,800,10246,STABLE,0,0
61,R1_  STRESS,R1,61,10,32,31,SUB,0,7fe,10246,STABLE,0,0
62,R1_  STRESS,R1,62,11,32,31,SUB,0,7fc,10246,STABLE,0,0
63,R1_  STRESS,R1,63,12,32,31,SUB,0,7fa,10246,STABLE,0,0
64,R1_  STRESS,R1,64,13,32,32,SUB,0,802,12297,STABLE,0,0
65,R1_  STRESS,R1,65,14,32,32,SUB,0,801,14347,STABLE,0,0
66,R1_  STRESS,R1,66,15,32,32,SUB,0,800,16396,STABLE,0,0
67,R1_  STRESS,R1,67,16,32,32,SUB,0,800,18444,STABLE,0,0
68,R1_  STRESS,R1,68,0,32,31,SUB,0,7fe,18444,STABLE,0,0
69,R1_  STRESS,R1,69,1,32,31,SUB,0,7fc,0,STABLE,0,0
70,R1_  STRESS,R1,70,2,32,31,SUB,0,7fa,0,STABLE,0,0
71,R1_  STRESS,R1,71,3,32,32,SUB,0,802,2051,STABLE,0,0
72,R1_  STRESS,R1,72,4,32,32,SUB,0,801,4101,STABLE,0,0
73,R1_  STRESS,R1,73,5,32,32,SUB,0,800,6150,STABLE,0,0
74,R1_  STRESS,R1,74,6,32,32,SUB,0,800,8198,STABLE,0,0
75,R1_  STRESS,R1,75,7,32,31,SUB,0,7fe,8198,STABLE,0,0
76,R1_  STRESS,R1,76,8,32,31,SUB,0,7fc,8198,STABLE,0,0
77,R1_  STRESS,R1,77,9,32,31,SUB,0,7fa,8198,STABLE,0,0
78,R1_  STRESS,R1,78,10,32,32,SUB,0,802,10249,STABLE,0,0
79,R1_  STRESS,R1,79,11,32,32,SUB,0,801,12299,STABLE,0,0
80,R1_  STRESS,R1,80,12,32,32,SUB,0,800,14348,STABLE,0,0
81,R1_  STRESS,R1,81,13,32,32,SUB,0,800,16396,STABLE,0,0
82,R1_  STRESS,R1,82,14,32,31,SUB,0,7fe,16396,STABLE,0,0
83,R1_  STRESS,R1,83,15,32,31,SUB,0,7fc,16396,STABLE,0,0
84,R1_  STRESS,R1,84,16,32,31,SUB,0,7fa,16396,STABLE,0,0
85,R1_  STRESS,R1,85,0,32,32,SUB,0,802,18447,STABLE,0,0
86,R1_  STRESS,R1,86,1,32,32,SUB,0,801,0,STABLE,0,0
87,R1_  STRESS,R1,87,2,32,32,SUB,0,800,2049,STABLE,0,0
88,R1_  STRESS,R1,88,3,32,32,SUB,0,800,4097,STABLE,0,0
89,R1_  STRESS,R1,89,4,32,31,SUB,0,7fe,4097,STABLE,0,0
90,R1_  STRESS,R1,90,5,32,31,SUB,0,7fc,4097,STABLE,0,0
91,R1_  STRESS,R1,91,6,32,31,SUB,0,7fa,4097,STABLE,0,0
92,R1_  STRESS,R1,92,7,32,32,SUB,0,802,6148,STABLE,0,0
93,R1_  STRESS,R1,93,8,32,32,SUB,0,801,8198,STABLE,0,0
94,R1_  STRESS,R1,94,9,32,32,SUB,0,800,10247,STABLE,0,0
95,R1_  STRESS,R1,95,10,32,32,SUB,0,800,12295,STABLE,0,0
96,R1_  STRESS,R1,96,11,32,31,SUB,0,7fe,12295,STABLE,0,0
97,R1_  STRESS,R1,97,12,32,31,SUB,0,7fc,12295,STABLE,0,0
98,R1_  STRESS,R1,98,13,32,31,SUB,0,7fa,12295,STABLE,0,0
99,R1_  STRESS,R1,99,14,32,32,SUB,0,802,14346,STABLE,0,0
100,R1_  STRESS,R1,100,15,32,32,SUB,0,801,16396,STABLE,0,0
101,R1_  STRESS,R1,101,16,32,32,SUB,0,800,18445,STABLE,0,0
102,R1_  STRESS,R1,102,0,32,32,SUB,0,800,20493,STABLE,0,0
103,R1_  STRESS,R1,103,1,32,31,SUB,0,7fe,0,STABLE,0,0
104,R1_  STRESS,R1,104,2,32,31,SUB,0,7fc,0,STABLE,0,0
105,R1_  STRESS,R1,105,3,32,31,SUB,0,7fa,0,STABLE,0,0
106,R1_  STRESS,R1,106,4,32,32,SUB,0,802,2051,STABLE,0,0
107,R1_  STRESS,R1,107,5,32,32,SUB,0,801,4101,STABLE,0,0
108,R1_  STRESS,R1,108,6,32,32,SUB,0,800,6150,STABLE,0,0
109,R1_  STRESS,R1,109,7,32,32,SUB,0,800,8198,STABLE,0,0
110,R1_  STRESS,R1,110,8,32,31,SUB,0,7fe,8198,STABLE,0,0
111,R1_  STRESS,R1,111,9,32,31,SUB,0,7fc,8198,STABLE,0,0
112,R1_  STRESS,R1,112,10,32,31,SUB,0,7fa,8198,STABLE,0,0
113,R1_  STRESS,R1,113,11,32,32,SUB,0,802,10249,STABLE,0,0
114,R1_  STRESS,R1,114,12,32,32,SUB,0,801,12299,STABLE,0,0
115,R1_  STRESS,R1,115,13,32,32,SUB,0,800,14348,STABLE,0,0
116,R1_  STRESS,R1,116,14,32,32,SUB,0,800,16396,STABLE,0,0
117,R1_  STRESS,R1,117,15,32,31,SUB,0,7fe,16396,STABLE,0,0
118,R1_  STRESS,R1,118,16,32,31,SUB,0,7fc,16396,STABLE,0,0
119,R1_  STRESS,R1,119,0,32,31,SUB,0,7fa,16396,STABLE,0,0
120,R1_  STRESS,R1,120,1,32,32,SUB,0,802,0,STABLE,0,0
121,R1_  STRESS,R1,121,2,32,32,SUB,0,801,2050,STABLE,0,0
122,R1_  STRESS,R1,122,3,32,32,SUB,0,800,4099,STABLE,0,0
123,R1_  STRESS,R1,123,4,32,32,SUB,0,800,6147,STABLE,0,0
124,R1_  STRESS,R1,124,5,32,31,SUB,0,7fe,6147,STABLE,0,0
125,R1_  STRESS,R1,125,6,32,31,SUB,0,7fc,6147,STABLE,0,0
126,R1_  STRESS,R1,126,7,32,31,SUB,0,7fa,6147,STABLE,0,0
127,R1_  STRESS,R1,127,8,32,32,SUB,0,802,8198,STABLE,0,0
128,R1_  STRESS,R1,128,9,32,32,SUB,0,801,10248,STABLE,0,0
129,R1_  STRESS,R1,129,10,32,32,SUB,0,800,12297,STABLE,0,0
130,R1_  STRESS,R1,130,11,32,32,SUB,0,800,14345,STABLE,0,0
131,R1_  STRESS,R1,131,12,32,31,SUB,0,7fe,14345,STABLE,0,0
132,R1_  STRESS,R1,132,13,32,31,SUB,0,7fc,14345,STABLE,0,0
133,R1_  STRESS,R1,133,14,32,31,SUB,0,7fa,14345,STABLE,0,0
134,R1_  STRESS,R1,134,15,32,32,SUB,0,802,16396,STABLE,0,0
135,R1_  STRESS,R1,135,16,32,32,SUB,0,801,18446,STABLE,0,0
136,R1_  STRESS,R1,136,0,32,32,SUB,0,800,20495,STABLE,0,0
137,R1_  STRESS,R1,137,1,32,32,SUB,0,800,0,STABLE,0,0
138,R1_  STRESS,R1,138,2,32,31,SUB,0,7fe,0,STABLE,0,0
139,R1_  STRESS,R1,139,3,32,31,SUB,0,7fc,0,STABLE,0,0
140,R1_  STRESS,R1,140,4,32,31,SUB,0,7fa,0,STABLE,0,0
141,R1_  STRESS,R1,141,5,32,32,SUB,0,802,2051,STABLE,0,0
142,R1_  STRESS,R1,142,6,32,32,SUB,0,801,4101,STABLE,0,0
143,R1_  STRESS,R1,143,7,32,32,SUB,0,800,6150,STABLE,0,0
144,R1_  STRESS,R1,144,8,32,32,SUB,0,800,8198,STABLE,0,0
145,R1_  STRESS,R1,145,9,32,31,SUB,0,7fe,8198,STABLE,0,0
146,R1_  STRESS,R1,146,10,32,31,SUB,0,7fc,8198,STABLE,0,0
147,R1_  STRESS,R1,147,11,32,31,SUB,0,7fa,8198,STABLE,0,0
148,R1_  STRESS,R1,148,12,32,32,SUB,0,802,10249,STABLE,0,0
149,R1_  STRESS,R1,149,13,32,32,SUB,0,801,12299,STABLE,0,0
150,R1_  STRESS,R1,150,14,32,32,SUB,0,800,14348,STABLE,0,0
151,R1_  STRESS,R1,151,15,32,32,SUB,0,800,16396,STABLE,0,0
152,R1_  STRESS,R1,152,16,32,31,SUB,0,7fe,16396,STABLE,0,0
153,R1_  STRESS,R1,153,0,32,31,SUB,0,7fc,16396,STABLE,0,0
154,R1_  STRESS,R1,154,1,32,31,SUB,0,7fa,0,STABLE,0,0
155,R1_  STRESS,R1,155,2,32,32,SUB,0,802,2051,STABLE,0,0
156,R1_  STRESS,R1,156,3,32,32,SUB,0,801,4101,STABLE,0,0
157,R1_  STRESS,R1,157,4,32,32,SUB,0,800,6150,STABLE,0,0
158,R1_  STRESS,R1,158,5,32,32,SUB,0,800,8198,STABLE,0,0
159,R1_  STRESS,R1,159,6,32,31,SUB,0,7fe,8198,STABLE,0,0
160,R1_  STRESS,R1,160,7,32,31,SUB,0,7fc,8198,STABLE,0,0
161,R1_  STRESS,R1,161,8,32,31,SUB,0,7fa,8198,STABLE,0,0
162,R1_  STRESS,R1,162,9,32,32,SUB,0,802,10249,STABLE,0,0
163,R1_  STRESS,R1,163,10,32,32,SUB,0,801,12299,STABLE,0,0
164,R1_  STRESS,R1,164,11,32,32,SUB,0,800,14348,STABLE,0,0
165,R1_  STRESS,R1,165,12,32,32,SUB,0,800,16396,STABLE,0,0
166,R1_  STRESS,R1,166,13,32,31,SUB,0,7fe,16396,STABLE,0,0
167,R1_  STRESS,R1,167,14,32,31,SUB,0,7fc,16396,STABLE,0,0
168,R1_  STRESS,R1,168,15,32,31,SUB,0,7fa,16396,STABLE,0,0
169,R1_  STRESS,R1,169,16,32,32,SUB,0,802,18447,STABLE,0,0
170,R1_  STRESS,R1,170,0,32,32,SUB,0,801,20497,STABLE,0,0
171,R1_  STRESS,R1,171,1,32,32,SUB,0,800,0,STABLE,0,0
172,R1_  STRESS,R1,172,2,32,32,SUB,0,800,2048,STABLE,0,0
173,R1_  STRESS,R1,173,3,32,31,SUB,0,7fe,2048,STABLE,0,0
174,R1_  STRESS,R1,174,4,32,31,SUB,0,7fc,2048,STABLE,0,0
175,R1_  STRESS,R1,175,5,32,31,SUB,0,7fa,2048,STABLE,0,0
176,R1_  STRESS,R1,176,6,32,32,SUB,0,802,4099,STABLE,0,0
177,R1_  STRESS,R1,177,7,32,32,SUB,0,801,6149,STABLE,0,0
178,R1_  STRESS,R1,178,8,32,32,SUB,0,800,8198,STABLE,0,0
179,R1_  STRESS,R1,179,9,32,32,SUB,0,800,10246,STABLE,0,0
180,R1_  STRESS,R1,180,10,32,31,SUB,0,7fe,10246,STABLE,0,0
181,R1_  STRESS,R1,181,11,32,31,SUB,0,7fc,10246,STABLE,0,0
182,R1_  STRESS,R1,182,12,32,31,SUB,0,7fa,10246,STABLE,0,0
183,R1_  STRESS,R1,183,13,32,32,SUB,0,802,12297,STABLE,0,0
184,R1_  STRESS,R1,184,14,32,32,SUB,0,801,14347,STABLE,0,0
185,R1_  STRESS,R1,185,15,32,32,SUB,0,800,16396,STABLE,0,0
186,R1_  STRESS,R1,186,16,32,32,SUB,0,800,18444,STABLE,0,0
187,R1_  STRESS,R1,187,0,32,31,SUB,0,7fe,18444,STABLE,0,0
188,R1_  STRESS,R1,188,1,32,31,SUB,0,7fc,0,STABLE,0,0
189,R1_  STRESS,R1,189,2,32,31,SUB,0,7fa,0,STABLE,0,0
190,R1_  STRESS,R1,190,3,32,32,SUB,0,802,2051,STABLE,0,0
191,R1_  STRESS,R1,191,4,32,32,SUB,0,801,4101,STABLE,0,0
192,R1_  STRESS,R1,192,5,32,32,SUB,0,800,6150,STABLE,0,0
193,R1_  STRESS,R1,193,6,32,32,SUB,0,800,8198,STABLE,0,0
194,R1_  STRESS,R1,194,7,32,31,SUB,0,7fe,8198,STABLE,0,0
195,R1_  STRESS,R1,195,8,32,31,SUB,0,7fc,8198,STABLE,0,0
196,R1_  STRESS,R1,196,9,32,31,SUB,0,7fa,8198,STABLE,0,0
197,R1_  STRESS,R1,197,10,32,32,SUB,0,802,10249,STABLE,0,0
198,R1_  STRESS,R1,198,11,32,32,SUB,0,801,12299,STABLE,0,0
199,R1_  STRESS,R1,199,12,32,32,SUB,0,800,14348,STABLE,0,0
200,R1_RECOVERY,R1,200,13,32,32,MUL,0,800,16396,STABLE,0,0
201,R1_RECOVERY,R1,201,14,32,32,MUL,0,800,18444,STABLE,0,0
202,R1_RECOVERY,R1,202,15,32,32,MUL,0,800,20492,STABLE,0,0
203,R1_RECOVERY,R1,203,16,32,32,MUL,0,800,22540,STABLE,0,0
204,R1_RECOVERY,R1,204,0,32,32,MUL,0,800,24588,STABLE,0,0
205,R1_RECOVERY,R1,205,1,32,32,MUL,0,800,0,STABLE,0,0
206,R1_RECOVERY,R1,206,2,32,32,MUL,0,800,2048,STABLE,0,0
207,R1_RECOVERY,R1,207,3,32,32,MUL,0,800,4096,STABLE,0,0
208,R1_RECOVERY,R1,208,4,32,32,MUL,0,800,6144,STABLE,0,0
209,R1_RECOVERY,R1,209,5,32,32,MUL,0,800,8192,STABLE,0,0
210,R1_RECOVERY,R1,210,6,32,32,MUL,0,800,10240,STABLE,0,0
211,R1_RECOVERY,R1,211,7,32,32,MUL,0,800,12288,STABLE,0,0
212,R1_RECOVERY,R1,212,8,32,32,MUL,0,800,14336,STABLE,0,0
213,R1_RECOVERY,R1,213,9,32,32,MUL,0,800,16384,STABLE,0,0
214,R1_RECOVERY,R1,214,10,32,32,MUL,0,800,18432,STABLE,0,0
215,R1_RECOVERY,R1,215,11,32,32,MUL,0,800,20480,STABLE,0,0
216,R1_RECOVERY,R1,216,12,32,32,MUL,0,800,22528,STABLE,0,0
217,R1_RECOVERY,R1,217,13,32,32,MUL,0,800,24576,STABLE,0,0
218,R1_RECOVERY,R1,218,14,32,32,MUL,0,800,26624,STABLE,0,0
219,R1_RECOVERY,R1,219,15,32,32,MUL,0,800,28672,STABLE,0,0
220,R1_RECOVERY,R1,220,16,32,32,MUL,0,800,30720,STABLE,0,0
221,R1_RECOVERY,R1,221,0,32,32,MUL,0,800,32768,STABLE,0,0
222,R1_RECOVERY,R1,222,1,32,32,MUL,0,800,0,STABLE,0,0
223,R1_RECOVERY,R1,223,2,32,32,MUL,0,800,2048,STABLE,0,0
224,R1_RECOVERY,R1,224,3,32,32,MUL,0,800,4096,STABLE,0,0
225,R1_RECOVERY,R1,225,4,32,32,MUL,0,800,6144,STABLE,0,0
226,R1_RECOVERY,R1,226,5,32,32,MUL,0,800,8192,STABLE,0,0
227,R1_RECOVERY,R1,227,6,32,32,MUL,0,800,10240,STABLE,0,0
228,R1_RECOVERY,R1,228,7,32,32,MUL,0,800,12288,STABLE,0,0
229,R1_RECOVERY,R1,229,8,32,32,MUL,0,800,14336,STABLE,0,0
230,R1_RECOVERY,R1,230,9,32,32,MUL,0,800,16384,STABLE,0,0
231,R1_RECOVERY,R1,231,10,32,32,MUL,0,800,18432,STABLE,0,0
232,R1_RECOVERY,R1,232,11,32,32,MUL,0,800,20480,STABLE,0,0
233,R1_RECOVERY,R1,233,12,32,32,MUL,0,800,22528,STABLE,0,0
234,R1_RECOVERY,R1,234,13,32,32,MUL,0,800,24576,STABLE,0,0
235,R1_RECOVERY,R1,235,14,32,32,MUL,0,800,26624,STABLE,0,0
236,R1_RECOVERY,R1,236,15,32,32,MUL,0,800,28672,STABLE,0,0
237,R1_RECOVERY,R1,237,16,32,32,MUL,0,800,30720,STABLE,0,0
238,R1_RECOVERY,R1,238,0,32,32,MUL,0,800,32768,STABLE,0,0
239,R1_RECOVERY,R1,239,1,32,32,MUL,0,800,0,STABLE,0,0
240,R1_RECOVERY,R1,240,2,32,32,MUL,0,800,2048,STABLE,0,0
241,R1_RECOVERY,R1,241,3,32,32,MUL,0,800,4096,STABLE,0,0
242,R1_RECOVERY,R1,242,4,32,32,MUL,0,800,6144,STABLE,0,0
243,R1_RECOVERY,R1,243,5,32,32,MUL,0,800,8192,STABLE,0,0
244,R1_RECOVERY,R1,244,6,32,32,MUL,0,800,10240,STABLE,0,0
245,R1_RECOVERY,R1,245,7,32,32,MUL,0,800,12288,STABLE,0,0
246,R1_RECOVERY,R1,246,8,32,32,MUL,0,800,14336,STABLE,0,0
247,R1_RECOVERY,R1,247,9,32,32,MUL,0,800,16384,STABLE,0,0
248,R1_RECOVERY,R1,248,10,32,32,MUL,0,800,18432,STABLE,0,0
249,R1_RECOVERY,R1,249,11,32,32,MUL,0,800,20480,STABLE,0,0
250,R1_RECOVERY,R1,250,12,32,32,MUL,0,800,22528,STABLE,0,0
251,R1_RECOVERY,R1,251,13,32,32,MUL,0,800,24576,STABLE,0,0
252,R1_RECOVERY,R1,252,14,32,32,MUL,0,800,26624,STABLE,0,0
253,R1_RECOVERY,R1,253,15,32,32,MUL,0,800,28672,STABLE,0,0
254,R1_RECOVERY,R1,254,16,32,32,MUL,0,800,30720,STABLE,0,0
255,R1_RECOVERY,R1,255,0,32,32,MUL,0,800,32768,STABLE,0,0
256,R1_RECOVERY,R1,256,1,32,32,MUL,0,800,0,STABLE,0,0
257,R1_RECOVERY,R1,257,2,32,32,MUL,0,800,2048,STABLE,0,0
258,R1_RECOVERY,R1,258,3,32,32,MUL,0,800,4096,STABLE,0,0
259,R1_RECOVERY,R1,259,4,32,32,MUL,0,800,6144,STABLE,0,0
260,R1_RECOVERY,R1,260,5,32,32,MUL,0,800,8192,STABLE,0,0
261,R1_RECOVERY,R1,261,6,32,32,MUL,0,800,10240,STABLE,0,0
262,R1_RECOVERY,R1,262,7,32,32,MUL,0,800,12288,STABLE,0,0
263,R1_RECOVERY,R1,263,8,32,32,MUL,0,800,14336,STABLE,0,0
264,R1_RECOVERY,R1,264,9,32,32,MUL,0,800,16384,STABLE,0,0
265,R1_RECOVERY,R1,265,10,32,32,MUL,0,800,18432,STABLE,0,0
266,R1_RECOVERY,R1,266,11,32,32,MUL,0,800,20480,STABLE,0,0
267,R1_RECOVERY,R1,267,12,32,32,MUL,0,800,22528,STABLE,0,0
268,R1_RECOVERY,R1,268,13,32,32,MUL,0,800,24576,STABLE,0,0
269,R1_RECOVERY,R1,269,14,32,32,MUL,0,800,26624,STABLE,0,0
270,R1_RECOVERY,R1,270,15,32,32,MUL,0,800,28672,STABLE,0,0
271,R1_RECOVERY,R1,271,16,32,32,MUL,0,800,30720,STABLE,0,0
272,R1_RECOVERY,R1,272,0,32,32,MUL,0,800,32768,STABLE,0,0
273,R1_RECOVERY,R1,273,1,32,32,MUL,0,800,0,STABLE,0,0
274,R1_RECOVERY,R1,274,2,32,32,MUL,0,800,2048,STABLE,0,0
275,R2_  STRESS,R2,0,0,32,33,MUL,0,840,4096,STABLE,0,0
276,R2_  STRESS,R2,1,1,33,34,MUL,0,880,0,STABLE,0,0
277,R2_  STRESS,R2,2,2,34,35,MUL,0,8c0,2176,STABLE,0,0
278,R2_  STRESS,R2,3,3,35,36,MUL,0,900,4416,STABLE,0,0
279,R2_  STRESS,R2,4,4,36,37,MUL,0,940,6720,STABLE,0,0
280,R2_  STRESS,R2,5,5,37,38,MUL,0,980,9088,STABLE,0,0
281,R2_  STRESS,R2,6,6,38,39,MUL,0,9c0,11520,STABLE,0,0
282,R2_  STRESS,R2,7,7,39,40,MUL,0,a00,14016,STABLE,0,0
283,R2_  STRESS,R2,8,8,40,41,MUL,0,a40,16576,STABLE,0,0
284,R2_  STRESS,R2,9,9,41,42,MUL,0,a80,19200,STABLE,0,0
285,R2_  STRESS,R2,10,10,42,43,MUL,0,ac0,21888,STABLE,0,0
286,R2_  STRESS,R2,11,11,43,44,MUL,0,b00,24640,TRANSITION,0,0
287,R2_  STRESS,R2,12,12,44,45,MUL,2,b40,27456,TRANSITION,0,0
288,R2_  STRESS,R2,13,13,45,46,MUL,2,b80,30272,TRANSITION,0,0
289,R2_  STRESS,R2,14,14,46,47,MUL,2,bc0,33152,TRANSITION,0,0
290,R2_  STRESS,R2,15,15,47,48,MUL,2,c00,36096,SATURATE,0,0
291,R2_  STRESS,R2,16,16,48,49,MUL,3,c40,39104,SATURATE,0,0
292,R2_  STRESS,R2,17,0,49,50,MUL,3,c80,39104,SATURATE,0,0
293,R2_  STRESS,R2,18,1,50,51,MUL,3,cc0,0,SATURATE,0,0
294,R2_  STRESS,R2,19,2,51,52,MUL,3,d00,0,SATURATE,0,0
295,R2_  STRESS,R2,20,3,52,53,MUL,3,d40,0,SATURATE,0,0
296,R2_  STRESS,R2,21,4,53,54,MUL,3,d80,0,SATURATE,0,0
297,R2_  STRESS,R2,22,5,54,55,MUL,3,dc0,0,SATURATE,0,0
298,R2_  STRESS,R2,23,6,55,56,MUL,3,e00,0,SATURATE,0,0
299,R2_  STRESS,R2,24,7,56,57,MUL,3,e40,0,SATURATE,0,0
300,R2_  STRESS,R2,25,8,57,58,MUL,3,e80,0,SATURATE,0,0
301,R2_  STRESS,R2,26,9,58,59,MUL,3,ec0,0,SATURATE,0,0
302,R2_  STRESS,R2,27,10,59,60,MUL,3,f00,0,SATURATE,0,0
303,R2_  STRESS,R2,28,11,60,61,MUL,3,f40,0,SATURATE,0,0
304,R2_  STRESS,R2,29,12,61,62,MUL,3,f80,0,SATURATE,0,0
305,R2_  STRESS,R2,30,13,62,63,MUL,3,fc0,0,SATURATE,0,0
306,R2_  STRESS,R2,31,14,63,63,MUL,3,fff,0,SATURATE,0,1
307,R2_  STRESS,R2,32,15,32,33,MUL,0,840,0,STABLE,0,0
308,R2_  STRESS,R2,33,16,33,34,MUL,0,880,2112,STABLE,0,0
309,R2_  STRESS,R2,34,0,34,35,MUL,0,8c0,4288,STABLE,0,0
310,R2_  STRESS,R2,35,1,35,36,MUL,0,900,0,STABLE,0,0
311,R2_  STRESS,R2,36,2,36,37,MUL,0,940,2304,STABLE,0,0
312,R2_  STRESS,R2,37,3,37,38,MUL,0,980,4672,STABLE,0,0
313,R2_  STRESS,R2,38,4,38,39,MUL,0,9c0,7104,STABLE,0,0
314,R2_  STRESS,R2,39,5,39,40,MUL,0,a00,9600,STABLE,0,0
315,R2_  STRESS,R2,40,6,40,41,MUL,0,a40,12160,STABLE,0,0
316,R2_  STRESS,R2,41,7,41,42,MUL,0,a80,14784,STABLE,0,0
317,R2_  STRESS,R2,42,8,42,43,MUL,0,ac0,17472,STABLE,0,0
318,R2_  STRESS,R2,43,9,43,44,MUL,0,b00,20224,TRANSITION,0,0
319,R2_  STRESS,R2,44,10,44,45,MUL,2,b40,23040,TRANSITION,0,0
320,R2_  STRESS,R2,45,11,45,46,MUL,2,b80,25856,TRANSITION,0,0
321,R2_  STRESS,R2,46,12,46,47,MUL,2,bc0,28736,TRANSITION,0,0
322,R2_  STRESS,R2,47,13,47,48,MUL,2,c00,31680,SATURATE,0,0
323,R2_  STRESS,R2,48,14,48,49,MUL,3,c40,34688,SATURATE,0,0
324,R2_  STRESS,R2,49,15,49,50,MUL,3,c80,34688,SATURATE,0,0
325,R2_  STRESS,R2,50,16,50,51,MUL,3,cc0,34688,SATURATE,0,0
326,R2_  STRESS,R2,51,0,51,52,MUL,3,d00,34688,SATURATE,0,0
327,R2_  STRESS,R2,52,1,52,53,MUL,3,d40,0,SATURATE,0,0
328,R2_  STRESS,R2,53,2,53,54,MUL,3,d80,0,SATURATE,0,0
329,R2_  STRESS,R2,54,3,54,55,MUL,3,dc0,0,SATURATE,0,0
330,R2_  STRESS,R2,55,4,55,56,MUL,3,e00,0,SATURATE,0,0
331,R2_  STRESS,R2,56,5,56,57,MUL,3,e40,0,SATURATE,0,0
332,R2_  STRESS,R2,57,6,57,58,MUL,3,e80,0,SATURATE,0,0
333,R2_  STRESS,R2,58,7,58,59,MUL,3,ec0,0,SATURATE,0,0
334,R2_  STRESS,R2,59,8,59,60,MUL,3,f00,0,SATURATE,0,0
335,R2_  STRESS,R2,60,9,60,61,MUL,3,f40,0,SATURATE,0,0
336,R2_  STRESS,R2,61,10,61,62,MUL,3,f80,0,SATURATE,0,0
337,R2_  STRESS,R2,62,11,62,63,MUL,3,fc0,0,SATURATE,0,0
338,R2_  STRESS,R2,63,12,63,63,MUL,3,fff,0,SATURATE,0,1
339,R2_  STRESS,R2,64,13,32,33,MUL,0,840,0,STABLE,0,0
340,R2_  STRESS,R2,65,14,33,34,MUL,0,880,2112,STABLE,0,0
341,R2_  STRESS,R2,66,15,34,35,MUL,0,8c0,4288,STABLE,0,0
342,R2_  STRESS,R2,67,16,35,36,MUL,0,900,6528,STABLE,0,0
343,R2_  STRESS,R2,68,0,36,37,MUL,0,940,8832,STABLE,0,0
344,R2_  STRESS,R2,69,1,37,38,MUL,0,980,0,STABLE,0,0
345,R2_  STRESS,R2,70,2,38,39,MUL,0,9c0,2432,STABLE,0,0
346,R2_  STRESS,R2,71,3,39,40,MUL,0,a00,4928,STABLE,0,0
347,R2_  STRESS,R2,72,4,40,41,MUL,0,a40,7488,STABLE,0,0
348,R2_  STRESS,R2,73,5,41,42,MUL,0,a80,10112,STABLE,0,0
349,R2_  STRESS,R2,74,6,42,43,MUL,0,ac0,12800,STABLE,0,0
350,R2_  STRESS,R2,75,7,43,44,MUL,0,b00,15552,TRANSITION,0,0
351,R2_  STRESS,R2,76,8,44,45,MUL,2,b40,18368,TRANSITION,0,0
352,R2_  STRESS,R2,77,9,45,46,MUL,2,b80,21184,TRANSITION,0,0
353,R2_  STRESS,R2,78,10,46,47,MUL,2,bc0,24064,TRANSITION,0,0
354,R2_  STRESS,R2,79,11,47,48,MUL,2,c00,27008,SATURATE,0,0
355,R2_  STRESS,R2,80,12,48,49,MUL,3,c40,30016,SATURATE,0,0
356,R2_  STRESS,R2,81,13,49,50,MUL,3,c80,30016,SATURATE,0,0
357,R2_  STRESS,R2,82,14,50,51,MUL,3,cc0,30016,SATURATE,0,0
358,R2_  STRESS,R2,83,15,51,52,MUL,3,d00,30016,SATURATE,0,0
359,R2_  STRESS,R2,84,16,52,53,MUL,3,d40,30016,SATURATE,0,0
360,R2_  STRESS,R2,85,0,53,54,MUL,3,d80,30016,SATURATE,0,0
361,R2_  STRESS,R2,86,1,54,55,MUL,3,dc0,0,SATURATE,0,0
362,R2_  STRESS,R2,87,2,55,56,MUL,3,e00,0,SATURATE,0,0
363,R2_  STRESS,R2,88,3,56,57,MUL,3,e40,0,SATURATE,0,0
364,R2_  STRESS,R2,89,4,57,58,MUL,3,e80,0,SATURATE,0,0
365,R2_  STRESS,R2,90,5,58,59,MUL,3,ec0,0,SATURATE,0,0
366,R2_  STRESS,R2,91,6,59,60,MUL,3,f00,0,SATURATE,0,0
367,R2_  STRESS,R2,92,7,60,61,MUL,3,f40,0,SATURATE,0,0
368,R2_  STRESS,R2,93,8,61,62,MUL,3,f80,0,SATURATE,0,0
369,R2_  STRESS,R2,94,9,62,63,MUL,3,fc0,0,SATURATE,0,0
370,R2_  STRESS,R2,95,10,63,63,MUL,3,fff,0,SATURATE,0,1
371,R2_  STRESS,R2,96,11,32,33,MUL,0,840,0,STABLE,0,0
372,R2_  STRESS,R2,97,12,33,34,MUL,0,880,2112,STABLE,0,0
373,R2_  STRESS,R2,98,13,34,35,MUL,0,8c0,4288,STABLE,0,0
374,R2_  STRESS,R2,99,14,35,36,MUL,0,900,6528,STABLE,0,0
375,R2_  STRESS,R2,100,15,36,37,MUL,0,940,8832,STABLE,0,0
376,R2_  STRESS,R2,101,16,37,38,MUL,0,980,11200,STABLE,0,0
377,R2_  STRESS,R2,102,0,38,39,MUL,0,9c0,13632,STABLE,0,0
378,R2_  STRESS,R2,103,1,39,40,MUL,0,a00,0,STABLE,0,0
379,R2_  STRESS,R2,104,2,40,41,MUL,0,a40,2560,STABLE,0,0
380,R2_  STRESS,R2,105,3,41,42,MUL,0,a80,5184,STABLE,0,0
381,R2_  STRESS,R2,106,4,42,43,MUL,0,ac0,7872,STABLE,0,0
382,R2_  STRESS,R2,107,5,43,44,MUL,0,b00,10624,TRANSITION,0,0
383,R2_  STRESS,R2,108,6,44,45,MUL,2,b40,13440,TRANSITION,0,0
384,R2_  STRESS,R2,109,7,45,46,MUL,2,b80,16256,TRANSITION,0,0
385,R2_  STRESS,R2,110,8,46,47,MUL,2,bc0,19136,TRANSITION,0,0
386,R2_  STRESS,R2,111,9,47,48,MUL,2,c00,22080,SATURATE,0,0
387,R2_  STRESS,R2,112,10,48,49,MUL,3,c40,25088,SATURATE,0,0
388,R2_  STRESS,R2,113,11,49,50,MUL,3,c80,25088,SATURATE,0,0
389,R2_  STRESS,R2,114,12,50,51,MUL,3,cc0,25088,SATURATE,0,0
390,R2_  STRESS,R2,115,13,51,52,MUL,3,d00,25088,SATURATE,0,0
391,R2_  STRESS,R2,116,14,52,53,MUL,3,d40,25088,SATURATE,0,0
392,R2_  STRESS,R2,117,15,53,54,MUL,3,d80,25088,SATURATE,0,0
393,R2_  STRESS,R2,118,16,54,55,MUL,3,dc0,25088,SATURATE,0,0
394,R2_  STRESS,R2,119,0,55,56,MUL,3,e00,25088,SATURATE,0,0
395,R2_  STRESS,R2,120,1,56,57,MUL,3,e40,0,SATURATE,0,0
396,R2_  STRESS,R2,121,2,57,58,MUL,3,e80,0,SATURATE,0,0
397,R2_  STRESS,R2,122,3,58,59,MUL,3,ec0,0,SATURATE,0,0
398,R2_  STRESS,R2,123,4,59,60,MUL,3,f00,0,SATURATE,0,0
399,R2_  STRESS,R2,124,5,60,61,MUL,3,f40,0,SATURATE,0,0
400,R2_  STRESS,R2,125,6,61,62,MUL,3,f80,0,SATURATE,0,0
401,R2_  STRESS,R2,126,7,62,63,MUL,3,fc0,0,SATURATE,0,0
402,R2_  STRESS,R2,127,8,63,63,MUL,3,fff,0,SATURATE,0,1
403,R2_  STRESS,R2,128,9,32,33,MUL,0,840,0,STABLE,0,0
404,R2_  STRESS,R2,129,10,33,34,MUL,0,880,2112,STABLE,0,0
405,R2_  STRESS,R2,130,11,34,35,MUL,0,8c0,4288,STABLE,0,0
406,R2_  STRESS,R2,131,12,35,36,MUL,0,900,6528,STABLE,0,0
407,R2_  STRESS,R2,132,13,36,37,MUL,0,940,8832,STABLE,0,0
408,R2_  STRESS,R2,133,14,37,38,MUL,0,980,11200,STABLE,0,0
409,R2_  STRESS,R2,134,15,38,39,MUL,0,9c0,13632,STABLE,0,0
410,R2_  STRESS,R2,135,16,39,40,MUL,0,a00,16128,STABLE,0,0
411,R2_  STRESS,R2,136,0,40,41,MUL,0,a40,18688,STABLE,0,0
412,R2_  STRESS,R2,137,1,41,42,MUL,0,a80,0,STABLE,0,0
413,R2_  STRESS,R2,138,2,42,43,MUL,0,ac0,2688,STABLE,0,0
414,R2_  STRESS,R2,139,3,43,44,MUL,0,b00,5440,TRANSITION,0,0
415,R2_  STRESS,R2,140,4,44,45,MUL,2,b40,8256,TRANSITION,0,0
416,R2_  STRESS,R2,141,5,45,46,MUL,2,b80,11072,TRANSITION,0,0
417,R2_  STRESS,R2,142,6,46,47,MUL,2,bc0,13952,TRANSITION,0,0
418,R2_  STRESS,R2,143,7,47,48,MUL,2,c00,16896,SATURATE,0,0
419,R2_  STRESS,R2,144,8,48,49,MUL,3,c40,19904,SATURATE,0,0
420,R2_  STRESS,R2,145,9,49,50,MUL,3,c80,19904,SATURATE,0,0
421,R2_  STRESS,R2,146,10,50,51,MUL,3,cc0,19904,SATURATE,0,0
422,R2_  STRESS,R2,147,11,51,52,MUL,3,d00,19904,SATURATE,0,0
423,R2_  STRESS,R2,148,12,52,53,MUL,3,d40,19904,SATURATE,0,0
424,R2_  STRESS,R2,149,13,53,54,MUL,3,d80,19904,SATURATE,0,0
425,R2_  STRESS,R2,150,14,54,55,MUL,3,dc0,19904,SATURATE,0,0
426,R2_  STRESS,R2,151,15,55,56,MUL,3,e00,19904,SATURATE,0,0
427,R2_  STRESS,R2,152,16,56,57,MUL,3,e40,19904,SATURATE,0,0
428,R2_  STRESS,R2,153,0,57,58,MUL,3,e80,19904,SATURATE,0,0
429,R2_  STRESS,R2,154,1,58,59,MUL,3,ec0,0,SATURATE,0,0
430,R2_  STRESS,R2,155,2,59,60,MUL,3,f00,0,SATURATE,0,0
431,R2_  STRESS,R2,156,3,60,61,MUL,3,f40,0,SATURATE,0,0
432,R2_  STRESS,R2,157,4,61,62,MUL,3,f80,0,SATURATE,0,0
433,R2_  STRESS,R2,158,5,62,63,MUL,3,fc0,0,SATURATE,0,0
434,R2_  STRESS,R2,159,6,63,63,MUL,3,fff,0,SATURATE,0,1
435,R2_  STRESS,R2,160,7,32,33,MUL,0,840,0,STABLE,0,0
436,R2_  STRESS,R2,161,8,33,34,MUL,0,880,2112,STABLE,0,0
437,R2_  STRESS,R2,162,9,34,35,MUL,0,8c0,4288,STABLE,0,0
438,R2_  STRESS,R2,163,10,35,36,MUL,0,900,6528,STABLE,0,0
439,R2_  STRESS,R2,164,11,36,37,MUL,0,940,8832,STABLE,0,0
440,R2_  STRESS,R2,165,12,37,38,MUL,0,980,11200,STABLE,0,0
441,R2_  STRESS,R2,166,13,38,39,MUL,0,9c0,13632,STABLE,0,0
442,R2_  STRESS,R2,167,14,39,40,MUL,0,a00,16128,STABLE,0,0
443,R2_  STRESS,R2,168,15,40,41,MUL,0,a40,18688,STABLE,0,0
444,R2_  STRESS,R2,169,16,41,42,MUL,0,a80,21312,STABLE,0,0
445,R2_  STRESS,R2,170,0,42,43,MUL,0,ac0,24000,STABLE,0,0
446,R2_  STRESS,R2,171,1,43,44,MUL,0,b00,0,TRANSITION,0,0
447,R2_  STRESS,R2,172,2,44,45,MUL,2,b40,2816,TRANSITION,0,0
448,R2_  STRESS,R2,173,3,45,46,MUL,2,b80,5632,TRANSITION,0,0
449,R2_  STRESS,R2,174,4,46,47,MUL,2,bc0,8512,TRANSITION,0,0
450,R2_  STRESS,R2,175,5,47,48,MUL,2,c00,11456,SATURATE,0,0
451,R2_  STRESS,R2,176,6,48,49,MUL,3,c40,14464,SATURATE,0,0
452,R2_  STRESS,R2,177,7,49,50,MUL,3,c80,14464,SATURATE,0,0
453,R2_  STRESS,R2,178,8,50,51,MUL,3,cc0,14464,SATURATE,0,0
454,R2_  STRESS,R2,179,9,51,52,MUL,3,d00,14464,SATURATE,0,0
455,R2_  STRESS,R2,180,10,52,53,MUL,3,d40,14464,SATURATE,0,0
456,R2_  STRESS,R2,181,11,53,54,MUL,3,d80,14464,SATURATE,0,0
457,R2_  STRESS,R2,182,12,54,55,MUL,3,dc0,14464,SATURATE,0,0
458,R2_  STRESS,R2,183,13,55,56,MUL,3,e00,14464,SATURATE,0,0
459,R2_  STRESS,R2,184,14,56,57,MUL,3,e40,14464,SATURATE,0,0
460,R2_  STRESS,R2,185,15,57,58,MUL,3,e80,14464,SATURATE,0,0
461,R2_  STRESS,R2,186,16,58,59,MUL,3,ec0,14464,SATURATE,0,0
462,R2_  STRESS,R2,187,0,59,60,MUL,3,f00,14464,SATURATE,0,0
463,R2_  STRESS,R2,188,1,60,61,MUL,3,f40,0,SATURATE,0,0
464,R2_  STRESS,R2,189,2,61,62,MUL,3,f80,0,SATURATE,0,0
465,R2_  STRESS,R2,190,3,62,63,MUL,3,fc0,0,SATURATE,0,0
466,R2_  STRESS,R2,191,4,63,63,MUL,3,fff,0,SATURATE,0,1
467,R2_  STRESS,R2,192,5,32,33,MUL,0,840,0,STABLE,0,0
468,R2_  STRESS,R2,193,6,33,34,MUL,0,880,2112,STABLE,0,0
469,R2_  STRESS,R2,194,7,34,35,MUL,0,8c0,4288,STABLE,0,0
470,R2_  STRESS,R2,195,8,35,36,MUL,0,900,6528,STABLE,0,0
471,R2_  STRESS,R2,196,9,36,37,MUL,0,940,8832,STABLE,0,0
472,R2_  STRESS,R2,197,10,37,38,MUL,0,980,11200,STABLE,0,0
473,R2_  STRESS,R2,198,11,38,39,MUL,0,9c0,13632,STABLE,0,0
474,R2_  STRESS,R2,199,12,39,40,MUL,0,a00,16128,STABLE,0,0
475,R2_RECOVERY,R2,200,13,32,32,MUL,0,800,18688,STABLE,0,0
476,R2_RECOVERY,R2,201,14,32,32,MUL,0,800,20736,STABLE,0,0
477,R2_RECOVERY,R2,202,15,32,32,MUL,0,800,22784,STABLE,0,0
478,R2_RECOVERY,R2,203,16,32,32,MUL,0,800,24832,STABLE,0,0
479,R2_RECOVERY,R2,204,0,32,32,MUL,0,800,26880,STABLE,0,0
480,R2_RECOVERY,R2,205,1,32,32,MUL,0,800,0,STABLE,0,0
481,R2_RECOVERY,R2,206,2,32,32,MUL,0,800,2048,STABLE,0,0
482,R2_RECOVERY,R2,207,3,32,32,MUL,0,800,4096,STABLE,0,0
483,R2_RECOVERY,R2,208,4,32,32,MUL,0,800,6144,STABLE,0,0
484,R2_RECOVERY,R2,209,5,32,32,MUL,0,800,8192,STABLE,0,0
485,R2_RECOVERY,R2,210,6,32,32,MUL,0,800,10240,STABLE,0,0
486,R2_RECOVERY,R2,211,7,32,32,MUL,0,800,12288,STABLE,0,0
487,R2_RECOVERY,R2,212,8,32,32,MUL,0,800,14336,STABLE,0,0
488,R2_RECOVERY,R2,213,9,32,32,MUL,0,800,16384,STABLE,0,0
489,R2_RECOVERY,R2,214,10,32,32,MUL,0,800,18432,STABLE,0,0
490,R2_RECOVERY,R2,215,11,32,32,MUL,0,800,20480,STABLE,0,0
491,R2_RECOVERY,R2,216,12,32,32,MUL,0,800,22528,STABLE,0,0
492,R2_RECOVERY,R2,217,13,32,32,MUL,0,800,24576,STABLE,0,0
493,R2_RECOVERY,R2,218,14,32,32,MUL,0,800,26624,STABLE,0,0
494,R2_RECOVERY,R2,219,15,32,32,MUL,0,800,28672,STABLE,0,0
495,R2_RECOVERY,R2,220,16,32,32,MUL,0,800,30720,STABLE,0,0
496,R2_RECOVERY,R2,221,0,32,32,MUL,0,800,32768,STABLE,0,0
497,R2_RECOVERY,R2,222,1,32,32,MUL,0,800,0,STABLE,0,0
498,R2_RECOVERY,R2,223,2,32,32,MUL,0,800,2048,STABLE,0,0
499,R2_RECOVERY,R2,224,3,32,32,MUL,0,800,4096,STABLE,0,0
500,R2_RECOVERY,R2,225,4,32,32,MUL,0,800,6144,STABLE,0,0
501,R2_RECOVERY,R2,226,5,32,32,MUL,0,800,8192,STABLE,0,0
502,R2_RECOVERY,R2,227,6,32,32,MUL,0,800,10240,STABLE,0,0
503,R2_RECOVERY,R2,228,7,32,32,MUL,0,800,12288,STABLE,0,0
504,R2_RECOVERY,R2,229,8,32,32,MUL,0,800,14336,STABLE,0,0
505,R2_RECOVERY,R2,230,9,32,32,MUL,0,800,16384,STABLE,0,0
506,R2_RECOVERY,R2,231,10,32,32,MUL,0,800,18432,STABLE,0,0
507,R2_RECOVERY,R2,232,11,32,32,MUL,0,800,20480,STABLE,0,0
508,R2_RECOVERY,R2,233,12,32,32,MUL,0,800,22528,STABLE,0,0
509,R2_RECOVERY,R2,234,13,32,32,MUL,0,800,24576,STABLE,0,0
510,R2_RECOVERY,R2,235,14,32,32,MUL,0,800,26624,STABLE,0,0
511,R2_RECOVERY,R2,236,15,32,32,MUL,0,800,28672,STABLE,0,0
512,R2_RECOVERY,R2,237,16,32,32,MUL,0,800,30720,STABLE,0,0
513,R2_RECOVERY,R2,238,0,32,32,MUL,0,800,32768,STABLE,0,0
514,R2_RECOVERY,R2,239,1,32,32,MUL,0,800,0,STABLE,0,0
515,R2_RECOVERY,R2,240,2,32,32,MUL,0,800,2048,STABLE,0,0
516,R2_RECOVERY,R2,241,3,32,32,MUL,0,800,4096,STABLE,0,0
517,R2_RECOVERY,R2,242,4,32,32,MUL,0,800,6144,STABLE,0,0
518,R2_RECOVERY,R2,243,5,32,32,MUL,0,800,8192,STABLE,0,0
519,R2_RECOVERY,R2,244,6,32,32,MUL,0,800,10240,STABLE,0,0
520,R2_RECOVERY,R2,245,7,32,32,MUL,0,800,12288,STABLE,0,0
521,R2_RECOVERY,R2,246,8,32,32,MUL,0,800,14336,STABLE,0,0
522,R2_RECOVERY,R2,247,9,32,32,MUL,0,800,16384,STABLE,0,0
523,R2_RECOVERY,R2,248,10,32,32,MUL,0,800,18432,STABLE,0,0
524,R2_RECOVERY,R2,249,11,32,32,MUL,0,800,20480,STABLE,0,0
525,R2_RECOVERY,R2,250,12,32,32,MUL,0,800,22528,STABLE,0,0
526,R2_RECOVERY,R2,251,13,32,32,MUL,0,800,24576,STABLE,0,0
527,R2_RECOVERY,R2,252,14,32,32,MUL,0,800,26624,STABLE,0,0
528,R2_RECOVERY,R2,253,15,32,32,MUL,0,800,28672,STABLE,0,0
529,R2_RECOVERY,R2,254,16,32,32,MUL,0,800,30720,STABLE,0,0
530,R2_RECOVERY,R2,255,0,32,32,MUL,0,800,32768,STABLE,0,0
531,R2_RECOVERY,R2,256,1,32,32,MUL,0,800,0,STABLE,0,0
532,R2_RECOVERY,R2,257,2,32,32,MUL,0,800,2048,STABLE,0,0
533,R2_RECOVERY,R2,258,3,32,32,MUL,0,800,4096,STABLE,0,0
534,R2_RECOVERY,R2,259,4,32,32,MUL,0,800,6144,STABLE,0,0
535,R2_RECOVERY,R2,260,5,32,32,MUL,0,800,8192,STABLE,0,0
536,R2_RECOVERY,R2,261,6,32,32,MUL,0,800,10240,STABLE,0,0
537,R2_RECOVERY,R2,262,7,32,32,MUL,0,800,12288,STABLE,0,0
538,R2_RECOVERY,R2,263,8,32,32,MUL,0,800,14336,STABLE,0,0
539,R2_RECOVERY,R2,264,9,32,32,MUL,0,800,16384,STABLE,0,0
540,R2_RECOVERY,R2,265,10,32,32,MUL,0,800,18432,STABLE,0,0
541,R2_RECOVERY,R2,266,11,32,32,MUL,0,800,20480,STABLE,0,0
542,R2_RECOVERY,R2,267,12,32,32,MUL,0,800,22528,STABLE,0,0
543,R2_RECOVERY,R2,268,13,32,32,MUL,0,800,24576,STABLE,0,0
544,R2_RECOVERY,R2,269,14,32,32,MUL,0,800,26624,STABLE,0,0
545,R2_RECOVERY,R2,270,15,32,32,MUL,0,800,28672,STABLE,0,0
546,R2_RECOVERY,R2,271,16,32,32,MUL,0,800,30720,STABLE,0,0
547,R2_RECOVERY,R2,272,0,32,32,MUL,0,800,32768,STABLE,0,0
548,R2_RECOVERY,R2,273,1,32,32,MUL,0,800,0,STABLE,0,0
549,R2_RECOVERY,R2,274,2,32,32,MUL,0,800,2048,STABLE,0,0
550,R3_  STRESS,R3,0,0,15,15,ADD,2,3e0,4096,COLLAPSE,0,0
551,R3_  STRESS,R3,1,1,15,16,ADD,2,400,0,TRANSITION,0,0
552,R3_  STRESS,R3,2,2,15,15,ADD,2,3e0,0,COLLAPSE,0,0
553,R3_  STRESS,R3,3,3,15,16,ADD,2,400,0,TRANSITION,0,0
554,R3_  STRESS,R3,4,4,15,15,ADD,2,3e0,0,COLLAPSE,0,0
555,R3_  STRESS,R3,5,5,15,16,ADD,2,400,0,TRANSITION,0,0
556,R3_  STRESS,R3,6,6,15,15,ADD,2,3e0,0,COLLAPSE,0,0
557,R3_  STRESS,R3,7,7,15,16,ADD,2,400,0,TRANSITION,0,0
558,R3_  STRESS,R3,8,8,15,15,ADD,2,3e0,0,COLLAPSE,0,0
559,R3_  STRESS,R3,9,9,15,16,ADD,2,400,0,TRANSITION,0,0
560,R3_  STRESS,R3,10,10,15,15,ADD,2,3e0,0,COLLAPSE,0,0
561,R3_  STRESS,R3,11,11,15,16,ADD,2,400,0,TRANSITION,0,0
562,R3_  STRESS,R3,12,12,15,15,ADD,2,3e0,0,COLLAPSE,0,0
563,R3_  STRESS,R3,13,13,15,16,ADD,2,400,0,TRANSITION,0,0
564,R3_  STRESS,R3,14,14,15,15,ADD,2,3e0,0,COLLAPSE,0,0
565,R3_  STRESS,R3,15,15,15,16,ADD,2,400,0,TRANSITION,0,0
566,R3_  STRESS,R3,16,16,15,15,ADD,2,3e0,0,COLLAPSE,0,0
567,R3_  STRESS,R3,17,0,15,16,ADD,2,400,0,TRANSITION,0,0
568,R3_  STRESS,R3,18,1,15,15,ADD,2,3e0,0,COLLAPSE,0,0
569,R3_  STRESS,R3,19,2,15,16,ADD,2,400,0,TRANSITION,0,0
570,R3_  STRESS,R3,20,3,15,15,ADD,2,3e0,0,COLLAPSE,0,0
571,R3_  STRESS,R3,21,4,15,16,ADD,2,400,0,TRANSITION,0,0
572,R3_  STRESS,R3,22,5,15,15,ADD,2,3e0,0,COLLAPSE,0,0
573,R3_  STRESS,R3,23,6,15,16,ADD,2,400,0,TRANSITION,0,0
574,R3_  STRESS,R3,24,7,15,15,ADD,2,3e0,0,COLLAPSE,0,0
575,R3_  STRESS,R3,25,8,15,16,ADD,2,400,0,TRANSITION,0,0
576,R3_  STRESS,R3,26,9,15,15,ADD,2,3e0,0,COLLAPSE,0,0
577,R3_  STRESS,R3,27,10,15,16,ADD,2,400,0,TRANSITION,0,0
578,R3_  STRESS,R3,28,11,15,15,ADD,2,3e0,0,COLLAPSE,0,0
579,R3_  STRESS,R3,29,12,15,16,ADD,2,400,0,TRANSITION,0,0
580,R3_  STRESS,R3,30,13,15,15,ADD,2,3e0,0,COLLAPSE,0,0
581,R3_  STRESS,R3,31,14,15,16,ADD,2,400,0,TRANSITION,0,0
582,R3_  STRESS,R3,32,15,15,15,ADD,2,3e0,0,COLLAPSE,0,0
583,R3_  STRESS,R3,33,16,15,16,ADD,2,400,0,TRANSITION,0,0
584,R3_  STRESS,R3,34,0,15,15,ADD,2,3e0,0,COLLAPSE,0,0
585,R3_  STRESS,R3,35,1,15,16,ADD,2,400,0,TRANSITION,0,0
586,R3_  STRESS,R3,36,2,15,15,ADD,2,3e0,0,COLLAPSE,0,0
587,R3_  STRESS,R3,37,3,15,16,ADD,2,400,0,TRANSITION,0,0
588,R3_  STRESS,R3,38,4,15,15,ADD,2,3e0,0,COLLAPSE,0,0
589,R3_  STRESS,R3,39,5,15,16,ADD,2,400,0,TRANSITION,0,0
590,R3_  STRESS,R3,40,6,15,15,ADD,2,3e0,0,COLLAPSE,0,0
591,R3_  STRESS,R3,41,7,15,16,ADD,2,400,0,TRANSITION,0,0
592,R3_  STRESS,R3,42,8,15,15,ADD,2,3e0,0,COLLAPSE,0,0
593,R3_  STRESS,R3,43,9,15,16,ADD,2,400,0,TRANSITION,0,0
594,R3_  STRESS,R3,44,10,15,15,ADD,2,3e0,0,COLLAPSE,0,0
595,R3_  STRESS,R3,45,11,15,16,ADD,2,400,0,TRANSITION,0,0
596,R3_  STRESS,R3,46,12,15,15,ADD,2,3e0,0,COLLAPSE,0,0
597,R3_  STRESS,R3,47,13,15,16,ADD,2,400,0,TRANSITION,0,0
598,R3_  STRESS,R3,48,14,15,15,ADD,2,3e0,0,COLLAPSE,0,0
599,R3_  STRESS,R3,49,15,15,16,ADD,2,400,0,TRANSITION,0,0
600,R3_  STRESS,R3,50,16,15,15,ADD,2,3e0,0,COLLAPSE,0,0
601,R3_  STRESS,R3,51,0,15,16,ADD,2,400,0,TRANSITION,0,0
602,R3_  STRESS,R3,52,1,15,15,ADD,2,3e0,0,COLLAPSE,0,0
603,R3_  STRESS,R3,53,2,15,16,ADD,2,400,0,TRANSITION,0,0
604,R3_  STRESS,R3,54,3,15,15,ADD,2,3e0,0,COLLAPSE,0,0
605,R3_  STRESS,R3,55,4,15,16,ADD,2,400,0,TRANSITION,0,0
606,R3_  STRESS,R3,56,5,15,15,ADD,2,3e0,0,COLLAPSE,0,0
607,R3_  STRESS,R3,57,6,15,16,ADD,2,400,0,TRANSITION,0,0
608,R3_  STRESS,R3,58,7,15,15,ADD,2,3e0,0,COLLAPSE,0,0
609,R3_  STRESS,R3,59,8,15,16,ADD,2,400,0,TRANSITION,0,0
610,R3_  STRESS,R3,60,9,15,15,ADD,2,3e0,0,COLLAPSE,0,0
611,R3_  STRESS,R3,61,10,15,16,ADD,2,400,0,TRANSITION,0,0
612,R3_  STRESS,R3,62,11,15,15,ADD,2,3e0,0,COLLAPSE,0,0
613,R3_  STRESS,R3,63,12,15,16,ADD,2,400,0,TRANSITION,0,0
614,R3_  STRESS,R3,64,13,15,15,ADD,2,3e0,0,COLLAPSE,0,0
615,R3_  STRESS,R3,65,14,15,16,ADD,2,400,0,TRANSITION,0,0
616,R3_  STRESS,R3,66,15,15,15,ADD,2,3e0,0,COLLAPSE,0,0
617,R3_  STRESS,R3,67,16,15,16,ADD,2,400,0,TRANSITION,0,0
618,R3_  STRESS,R3,68,0,15,15,ADD,2,3e0,0,COLLAPSE,0,0
619,R3_  STRESS,R3,69,1,15,16,ADD,2,400,0,TRANSITION,0,0
620,R3_  STRESS,R3,70,2,15,15,ADD,2,3e0,0,COLLAPSE,0,0
621,R3_  STRESS,R3,71,3,15,16,ADD,2,400,0,TRANSITION,0,0
622,R3_  STRESS,R3,72,4,15,15,ADD,2,3e0,0,COLLAPSE,0,0
623,R3_  STRESS,R3,73,5,15,16,ADD,2,400,0,TRANSITION,0,0
624,R3_  STRESS,R3,74,6,15,15,ADD,2,3e0,0,COLLAPSE,0,0
625,R3_  STRESS,R3,75,7,15,16,ADD,2,400,0,TRANSITION,0,0
626,R3_  STRESS,R3,76,8,15,15,ADD,2,3e0,0,COLLAPSE,0,0
627,R3_  STRESS,R3,77,9,15,16,ADD,2,400,0,TRANSITION,0,0
628,R3_  STRESS,R3,78,10,15,15,ADD,2,3e0,0,COLLAPSE,0,0
629,R3_  STRESS,R3,79,11,15,16,ADD,2,400,0,TRANSITION,0,0
630,R3_  STRESS,R3,80,12,15,15,ADD,2,3e0,0,COLLAPSE,0,0
631,R3_  STRESS,R3,81,13,15,16,ADD,2,400,0,TRANSITION,0,0
632,R3_  STRESS,R3,82,14,15,15,ADD,2,3e0,0,COLLAPSE,0,0
633,R3_  STRESS,R3,83,15,15,16,ADD,2,400,0,TRANSITION,0,0
634,R3_  STRESS,R3,84,16,15,15,ADD,2,3e0,0,COLLAPSE,0,0
635,R3_  STRESS,R3,85,0,15,16,ADD,2,400,0,TRANSITION,0,0
636,R3_  STRESS,R3,86,1,15,15,ADD,2,3e0,0,COLLAPSE,0,0
637,R3_  STRESS,R3,87,2,15,16,ADD,2,400,0,TRANSITION,0,0
638,R3_  STRESS,R3,88,3,15,15,ADD,2,3e0,0,COLLAPSE,0,0
639,R3_  STRESS,R3,89,4,15,16,ADD,2,400,0,TRANSITION,0,0
640,R3_  STRESS,R3,90,5,15,15,ADD,2,3e0,0,COLLAPSE,0,0
641,R3_  STRESS,R3,91,6,15,16,ADD,2,400,0,TRANSITION,0,0
642,R3_  STRESS,R3,92,7,15,15,ADD,2,3e0,0,COLLAPSE,0,0
643,R3_  STRESS,R3,93,8,15,16,ADD,2,400,0,TRANSITION,0,0
644,R3_  STRESS,R3,94,9,15,15,ADD,2,3e0,0,COLLAPSE,0,0
645,R3_  STRESS,R3,95,10,15,16,ADD,2,400,0,TRANSITION,0,0
646,R3_  STRESS,R3,96,11,15,15,ADD,2,3e0,0,COLLAPSE,0,0
647,R3_  STRESS,R3,97,12,15,16,ADD,2,400,0,TRANSITION,0,0
648,R3_  STRESS,R3,98,13,15,15,ADD,2,3e0,0,COLLAPSE,0,0
649,R3_  STRESS,R3,99,14,15,16,ADD,2,400,0,TRANSITION,0,0
650,R3_  STRESS,R3,100,15,47,48,ADD,0,c00,0,SATURATE,0,0
651,R3_  STRESS,R3,101,16,47,48,ADD,0,c1f,0,SATURATE,0,0
652,R3_  STRESS,R3,102,0,47,48,ADD,0,c00,0,SATURATE,0,0
653,R3_  STRESS,R3,103,1,47,48,ADD,0,c1f,0,SATURATE,0,0
654,R3_  STRESS,R3,104,2,47,48,ADD,0,c00,0,SATURATE,0,0
655,R3_  STRESS,R3,105,3,47,48,ADD,0,c1f,0,SATURATE,0,0
656,R3_  STRESS,R3,106,4,47,48,ADD,0,c00,0,SATURATE,0,0
657,R3_  STRESS,R3,107,5,47,48,ADD,0,c1f,0,SATURATE,0,0
658,R3_  STRESS,R3,108,6,47,48,ADD,0,c00,0,SATURATE,0,0
659,R3_  STRESS,R3,109,7,47,48,ADD,0,c1f,0,SATURATE,0,0
660,R3_  STRESS,R3,110,8,47,48,ADD,0,c00,0,SATURATE,0,0
661,R3_  STRESS,R3,111,9,47,48,ADD,0,c1f,0,SATURATE,0,0
662,R3_  STRESS,R3,112,10,47,48,ADD,0,c00,0,SATURATE,0,0
663,R3_  STRESS,R3,113,11,47,48,ADD,0,c1f,0,SATURATE,0,0
664,R3_  STRESS,R3,114,12,47,48,ADD,0,c00,0,SATURATE,0,0
665,R3_  STRESS,R3,115,13,47,48,ADD,0,c1f,0,SATURATE,0,0
666,R3_  STRESS,R3,116,14,47,48,ADD,0,c00,0,SATURATE,0,0
667,R3_  STRESS,R3,117,15,47,48,ADD,0,c1f,0,SATURATE,0,0
668,R3_  STRESS,R3,118,16,47,48,ADD,0,c00,0,SATURATE,0,0
669,R3_  STRESS,R3,119,0,47,48,ADD,0,c1f,0,SATURATE,0,0
670,R3_  STRESS,R3,120,1,47,48,ADD,0,c00,0,SATURATE,0,0
671,R3_  STRESS,R3,121,2,47,48,ADD,0,c1f,0,SATURATE,0,0
672,R3_  STRESS,R3,122,3,47,48,ADD,0,c00,0,SATURATE,0,0
673,R3_  STRESS,R3,123,4,47,48,ADD,0,c1f,0,SATURATE,0,0
674,R3_  STRESS,R3,124,5,47,48,ADD,0,c00,0,SATURATE,0,0
675,R3_  STRESS,R3,125,6,47,48,ADD,0,c1f,0,SATURATE,0,0
676,R3_  STRESS,R3,126,7,47,48,ADD,0,c00,0,SATURATE,0,0
677,R3_  STRESS,R3,127,8,47,48,ADD,0,c1f,0,SATURATE,0,0
678,R3_  STRESS,R3,128,9,47,48,ADD,0,c00,0,SATURATE,0,0
679,R3_  STRESS,R3,129,10,47,48,ADD,0,c1f,0,SATURATE,0,0
680,R3_  STRESS,R3,130,11,47,48,ADD,0,c00,0,SATURATE,0,0
681,R3_  STRESS,R3,131,12,47,48,ADD,0,c1f,0,SATURATE,0,0
682,R3_  STRESS,R3,132,13,47,48,ADD,0,c00,0,SATURATE,0,0
683,R3_  STRESS,R3,133,14,47,48,ADD,0,c1f,0,SATURATE,0,0
684,R3_  STRESS,R3,134,15,47,48,ADD,0,c00,0,SATURATE,0,0
685,R3_  STRESS,R3,135,16,47,48,ADD,0,c1f,0,SATURATE,0,0
686,R3_  STRESS,R3,136,0,47,48,ADD,0,c00,0,SATURATE,0,0
687,R3_  STRESS,R3,137,1,47,48,ADD,0,c1f,0,SATURATE,0,0
688,R3_  STRESS,R3,138,2,47,48,ADD,0,c00,0,SATURATE,0,0
689,R3_  STRESS,R3,139,3,47,48,ADD,0,c1f,0,SATURATE,0,0
690,R3_  STRESS,R3,140,4,47,48,ADD,0,c00,0,SATURATE,0,0
691,R3_  STRESS,R3,141,5,47,48,ADD,0,c1f,0,SATURATE,0,0
692,R3_  STRESS,R3,142,6,47,48,ADD,0,c00,0,SATURATE,0,0
693,R3_  STRESS,R3,143,7,47,48,ADD,0,c1f,0,SATURATE,0,0
694,R3_  STRESS,R3,144,8,47,48,ADD,0,c00,0,SATURATE,0,0
695,R3_  STRESS,R3,145,9,47,48,ADD,0,c1f,0,SATURATE,0,0
696,R3_  STRESS,R3,146,10,47,48,ADD,0,c00,0,SATURATE,0,0
697,R3_  STRESS,R3,147,11,47,48,ADD,0,c1f,0,SATURATE,0,0
698,R3_  STRESS,R3,148,12,47,48,ADD,0,c00,0,SATURATE,0,0
699,R3_  STRESS,R3,149,13,47,48,ADD,0,c1f,0,SATURATE,0,0
700,R3_  STRESS,R3,150,14,47,48,ADD,0,c00,0,SATURATE,0,0
701,R3_  STRESS,R3,151,15,47,48,ADD,0,c1f,0,SATURATE,0,0
702,R3_  STRESS,R3,152,16,47,48,ADD,0,c00,0,SATURATE,0,0
703,R3_  STRESS,R3,153,0,47,48,ADD,0,c1f,0,SATURATE,0,0
704,R3_  STRESS,R3,154,1,47,48,ADD,0,c00,0,SATURATE,0,0
705,R3_  STRESS,R3,155,2,47,48,ADD,0,c1f,0,SATURATE,0,0
706,R3_  STRESS,R3,156,3,47,48,ADD,0,c00,0,SATURATE,0,0
707,R3_  STRESS,R3,157,4,47,48,ADD,0,c1f,0,SATURATE,0,0
708,R3_  STRESS,R3,158,5,47,48,ADD,0,c00,0,SATURATE,0,0
709,R3_  STRESS,R3,159,6,47,48,ADD,0,c1f,0,SATURATE,0,0
710,R3_  STRESS,R3,160,7,47,48,ADD,0,c00,0,SATURATE,0,0
711,R3_  STRESS,R3,161,8,47,48,ADD,0,c1f,0,SATURATE,0,0
712,R3_  STRESS,R3,162,9,47,48,ADD,0,c00,0,SATURATE,0,0
713,R3_  STRESS,R3,163,10,47,48,ADD,0,c1f,0,SATURATE,0,0
714,R3_  STRESS,R3,164,11,47,48,ADD,0,c00,0,SATURATE,0,0
715,R3_  STRESS,R3,165,12,47,48,ADD,0,c1f,0,SATURATE,0,0
716,R3_  STRESS,R3,166,13,47,48,ADD,0,c00,0,SATURATE,0,0
717,R3_  STRESS,R3,167,14,47,48,ADD,0,c1f,0,SATURATE,0,0
718,R3_  STRESS,R3,168,15,47,48,ADD,0,c00,0,SATURATE,0,0
719,R3_  STRESS,R3,169,16,47,48,ADD,0,c1f,0,SATURATE,0,0
720,R3_  STRESS,R3,170,0,47,48,ADD,0,c00,0,SATURATE,0,0
721,R3_  STRESS,R3,171,1,47,48,ADD,0,c1f,0,SATURATE,0,0
722,R3_  STRESS,R3,172,2,47,48,ADD,0,c00,0,SATURATE,0,0
723,R3_  STRESS,R3,173,3,47,48,ADD,0,c1f,0,SATURATE,0,0
724,R3_  STRESS,R3,174,4,47,48,ADD,0,c00,0,SATURATE,0,0
725,R3_  STRESS,R3,175,5,47,48,ADD,0,c1f,0,SATURATE,0,0
726,R3_  STRESS,R3,176,6,47,48,ADD,0,c00,0,SATURATE,0,0
727,R3_  STRESS,R3,177,7,47,48,ADD,0,c1f,0,SATURATE,0,0
728,R3_  STRESS,R3,178,8,47,48,ADD,0,c00,0,SATURATE,0,0
729,R3_  STRESS,R3,179,9,47,48,ADD,0,c1f,0,SATURATE,0,0
730,R3_  STRESS,R3,180,10,47,48,ADD,0,c00,0,SATURATE,0,0
731,R3_  STRESS,R3,181,11,47,48,ADD,0,c1f,0,SATURATE,0,0
732,R3_  STRESS,R3,182,12,47,48,ADD,0,c00,0,SATURATE,0,0
733,R3_  STRESS,R3,183,13,47,48,ADD,0,c1f,0,SATURATE,0,0
734,R3_  STRESS,R3,184,14,47,48,ADD,0,c00,0,SATURATE,0,0
735,R3_  STRESS,R3,185,15,47,48,ADD,0,c1f,0,SATURATE,0,0
736,R3_  STRESS,R3,186,16,47,48,ADD,0,c00,0,SATURATE,0,0
737,R3_  STRESS,R3,187,0,47,48,ADD,0,c1f,0,SATURATE,0,0
738,R3_  STRESS,R3,188,1,47,48,ADD,0,c00,0,SATURATE,0,0
739,R3_  STRESS,R3,189,2,47,48,ADD,0,c1f,0,SATURATE,0,0
740,R3_  STRESS,R3,190,3,47,48,ADD,0,c00,0,SATURATE,0,0
741,R3_  STRESS,R3,191,4,47,48,ADD,0,c1f,0,SATURATE,0,0
742,R3_  STRESS,R3,192,5,47,48,ADD,0,c00,0,SATURATE,0,0
743,R3_  STRESS,R3,193,6,47,48,ADD,0,c1f,0,SATURATE,0,0
744,R3_  STRESS,R3,194,7,47,48,ADD,0,c00,0,SATURATE,0,0
745,R3_  STRESS,R3,195,8,47,48,ADD,0,c1f,0,SATURATE,0,0
746,R3_  STRESS,R3,196,9,47,48,ADD,0,c00,0,SATURATE,0,0
747,R3_  STRESS,R3,197,10,47,48,ADD,0,c1f,0,SATURATE,0,0
748,R3_  STRESS,R3,198,11,47,48,ADD,0,c00,0,SATURATE,0,0
749,R3_  STRESS,R3,199,12,47,48,ADD,0,c1f,0,SATURATE,0,0
750,R3_RECOVERY,R3,200,13,32,32,MUL,0,800,0,STABLE,0,0
751,R3_RECOVERY,R3,201,14,32,32,MUL,0,800,2048,STABLE,0,0
752,R3_RECOVERY,R3,202,15,32,32,MUL,0,800,4096,STABLE,0,0
753,R3_RECOVERY,R3,203,16,32,32,MUL,0,800,6144,STABLE,0,0
754,R3_RECOVERY,R3,204,0,32,32,MUL,0,800,8192,STABLE,0,0
755,R3_RECOVERY,R3,205,1,32,32,MUL,0,800,0,STABLE,0,0
756,R3_RECOVERY,R3,206,2,32,32,MUL,0,800,2048,STABLE,0,0
757,R3_RECOVERY,R3,207,3,32,32,MUL,0,800,4096,STABLE,0,0
758,R3_RECOVERY,R3,208,4,32,32,MUL,0,800,6144,STABLE,0,0
759,R3_RECOVERY,R3,209,5,32,32,MUL,0,800,8192,STABLE,0,0
760,R3_RECOVERY,R3,210,6,32,32,MUL,0,800,10240,STABLE,0,0
761,R3_RECOVERY,R3,211,7,32,32,MUL,0,800,12288,STABLE,0,0
762,R3_RECOVERY,R3,212,8,32,32,MUL,0,800,14336,STABLE,0,0
763,R3_RECOVERY,R3,213,9,32,32,MUL,0,800,16384,STABLE,0,0
764,R3_RECOVERY,R3,214,10,32,32,MUL,0,800,18432,STABLE,0,0
765,R3_RECOVERY,R3,215,11,32,32,MUL,0,800,20480,STABLE,0,0
766,R3_RECOVERY,R3,216,12,32,32,MUL,0,800,22528,STABLE,0,0
767,R3_RECOVERY,R3,217,13,32,32,MUL,0,800,24576,STABLE,0,0
768,R3_RECOVERY,R3,218,14,32,32,MUL,0,800,26624,STABLE,0,0
769,R3_RECOVERY,R3,219,15,32,32,MUL,0,800,28672,STABLE,0,0
770,R3_RECOVERY,R3,220,16,32,32,MUL,0,800,30720,STABLE,0,0
771,R3_RECOVERY,R3,221,0,32,32,MUL,0,800,32768,STABLE,0,0
772,R3_RECOVERY,R3,222,1,32,32,MUL,0,800,0,STABLE,0,0
773,R3_RECOVERY,R3,223,2,32,32,MUL,0,800,2048,STABLE,0,0
774,R3_RECOVERY,R3,224,3,32,32,MUL,0,800,4096,STABLE,0,0
775,R3_RECOVERY,R3,225,4,32,32,MUL,0,800,6144,STABLE,0,0
776,R3_RECOVERY,R3,226,5,32,32,MUL,0,800,8192,STABLE,0,0
777,R3_RECOVERY,R3,227,6,32,32,MUL,0,800,10240,STABLE,0,0
778,R3_RECOVERY,R3,228,7,32,32,MUL,0,800,12288,STABLE,0,0
779,R3_RECOVERY,R3,229,8,32,32,MUL,0,800,14336,STABLE,0,0
780,R3_RECOVERY,R3,230,9,32,32,MUL,0,800,16384,STABLE,0,0
781,R3_RECOVERY,R3,231,10,32,32,MUL,0,800,18432,STABLE,0,0
782,R3_RECOVERY,R3,232,11,32,32,MUL,0,800,20480,STABLE,0,0
783,R3_RECOVERY,R3,233,12,32,32,MUL,0,800,22528,STABLE,0,0
784,R3_RECOVERY,R3,234,13,32,32,MUL,0,800,24576,STABLE,0,0
785,R3_RECOVERY,R3,235,14,32,32,MUL,0,800,26624,STABLE,0,0
786,R3_RECOVERY,R3,236,15,32,32,MUL,0,800,28672,STABLE,0,0
787,R3_RECOVERY,R3,237,16,32,32,MUL,0,800,30720,STABLE,0,0
788,R3_RECOVERY,R3,238,0,32,32,MUL,0,800,32768,STABLE,0,0
789,R3_RECOVERY,R3,239,1,32,32,MUL,0,800,0,STABLE,0,0
790,R3_RECOVERY,R3,240,2,32,32,MUL,0,800,2048,STABLE,0,0
791,R3_RECOVERY,R3,241,3,32,32,MUL,0,800,4096,STABLE,0,0
792,R3_RECOVERY,R3,242,4,32,32,MUL,0,800,6144,STABLE,0,0
793,R3_RECOVERY,R3,243,5,32,32,MUL,0,800,8192,STABLE,0,0
794,R3_RECOVERY,R3,244,6,32,32,MUL,0,800,10240,STABLE,0,0
795,R3_RECOVERY,R3,245,7,32,32,MUL,0,800,12288,STABLE,0,0
796,R3_RECOVERY,R3,246,8,32,32,MUL,0,800,14336,STABLE,0,0
797,R3_RECOVERY,R3,247,9,32,32,MUL,0,800,16384,STABLE,0,0
798,R3_RECOVERY,R3,248,10,32,32,MUL,0,800,18432,STABLE,0,0
799,R3_RECOVERY,R3,249,11,32,32,MUL,0,800,20480,STABLE,0,0
800,R3_RECOVERY,R3,250,12,32,32,MUL,0,800,22528,STABLE,0,0
801,R3_RECOVERY,R3,251,13,32,32,MUL,0,800,24576,STABLE,0,0
802,R3_RECOVERY,R3,252,14,32,32,MUL,0,800,26624,STABLE,0,0
803,R3_RECOVERY,R3,253,15,32,32,MUL,0,800,28672,STABLE,0,0
804,R3_RECOVERY,R3,254,16,32,32,MUL,0,800,30720,STABLE,0,0
805,R3_RECOVERY,R3,255,0,32,32,MUL,0,800,32768,STABLE,0,0
806,R3_RECOVERY,R3,256,1,32,32,MUL,0,800,0,STABLE,0,0
807,R3_RECOVERY,R3,257,2,32,32,MUL,0,800,2048,STABLE,0,0
808,R3_RECOVERY,R3,258,3,32,32,MUL,0,800,4096,STABLE,0,0
809,R3_RECOVERY,R3,259,4,32,32,MUL,0,800,6144,STABLE,0,0
810,R3_RECOVERY,R3,260,5,32,32,MUL,0,800,8192,STABLE,0,0
811,R3_RECOVERY,R3,261,6,32,32,MUL,0,800,10240,STABLE,0,0
812,R3_RECOVERY,R3,262,7,32,32,MUL,0,800,12288,STABLE,0,0
813,R3_RECOVERY,R3,263,8,32,32,MUL,0,800,14336,STABLE,0,0
814,R3_RECOVERY,R3,264,9,32,32,MUL,0,800,16384,STABLE,0,0
815,R3_RECOVERY,R3,265,10,32,32,MUL,0,800,18432,STABLE,0,0
816,R3_RECOVERY,R3,266,11,32,32,MUL,0,800,20480,STABLE,0,0
817,R3_RECOVERY,R3,267,12,32,32,MUL,0,800,22528,STABLE,0,0
818,R3_RECOVERY,R3,268,13,32,32,MUL,0,800,24576,STABLE,0,0
819,R3_RECOVERY,R3,269,14,32,32,MUL,0,800,26624,STABLE,0,0
820,R3_RECOVERY,R3,270,15,32,32,MUL,0,800,28672,STABLE,0,0
821,R3_RECOVERY,R3,271,16,32,32,MUL,0,800,30720,STABLE,0,0
822,R3_RECOVERY,R3,272,0,32,32,MUL,0,800,32768,STABLE,0,0
823,R3_RECOVERY,R3,273,1,32,32,MUL,0,800,0,STABLE,0,0
824,R3_RECOVERY,R3,274,2,32,32,MUL,0,800,2048,STABLE,0,0
825,R4_  STRESS,R4,0,0,32,33,ADD,0,840,4096,STABLE,0,0
826,R4_  STRESS,R4,1,1,32,33,ADD,0,840,0,STABLE,0,0
827,R4_  STRESS,R4,2,2,32,33,ADD,0,840,2112,STABLE,0,0
828,R4_  STRESS,R4,3,3,32,33,ADD,0,840,4224,STABLE,0,0
829,R4_  STRESS,R4,4,4,15,15,ADD,2,3e8,6336,COLLAPSE,0,0
830,R4_  STRESS,R4,5,5,15,15,ADD,2,3e8,6336,COLLAPSE,0,0
831,R4_  STRESS,R4,6,6,15,15,ADD,2,3e8,6336,COLLAPSE,0,0
832,R4_  STRESS,R4,7,7,48,48,ADD,3,c14,6336,SATURATE,0,0
833,R4_  STRESS,R4,8,8,48,48,ADD,3,c14,6336,SATURATE,0,0
834,R4_  STRESS,R4,9,9,48,48,ADD,3,c14,6336,SATURATE,0,0
835,R4_  STRESS,R4,10,10,32,33,ADD,0,840,6336,STABLE,0,0
836,R4_  STRESS,R4,11,11,32,33,ADD,0,840,8448,STABLE,0,0
837,R4_  STRESS,R4,12,12,32,33,ADD,0,840,10560,STABLE,0,0
838,R4_  STRESS,R4,13,13,32,33,ADD,0,840,12672,STABLE,0,0
839,R4_  STRESS,R4,14,14,15,15,ADD,2,3e8,14784,COLLAPSE,0,0
840,R4_  STRESS,R4,15,15,15,15,ADD,2,3e8,14784,COLLAPSE,0,0
841,R4_  STRESS,R4,16,16,15,15,ADD,2,3e8,14784,COLLAPSE,0,0
842,R4_  STRESS,R4,17,0,48,48,ADD,3,c14,14784,SATURATE,0,0
843,R4_  STRESS,R4,18,1,48,48,ADD,3,c14,0,SATURATE,0,0
844,R4_  STRESS,R4,19,2,48,48,ADD,3,c14,0,SATURATE,0,0
845,R4_  STRESS,R4,20,3,32,33,ADD,0,840,0,STABLE,0,0
846,R4_  STRESS,R4,21,4,32,33,ADD,0,840,2112,STABLE,0,0
847,R4_  STRESS,R4,22,5,32,33,ADD,0,840,4224,STABLE,0,0
848,R4_  STRESS,R4,23,6,32,33,ADD,0,840,6336,STABLE,0,0
849,R4_  STRESS,R4,24,7,15,15,ADD,2,3e8,8448,COLLAPSE,0,0
850,R4_  STRESS,R4,25,8,15,15,ADD,2,3e8,8448,COLLAPSE,0,0
851,R4_  STRESS,R4,26,9,15,15,ADD,2,3e8,8448,COLLAPSE,0,0
852,R4_  STRESS,R4,27,10,48,48,ADD,3,c14,8448,SATURATE,0,0
853,R4_  STRESS,R4,28,11,48,48,ADD,3,c14,8448,SATURATE,0,0
854,R4_  STRESS,R4,29,12,48,48,ADD,3,c14,8448,SATURATE,0,0
855,R4_  STRESS,R4,30,13,32,33,ADD,0,840,8448,STABLE,0,0
856,R4_  STRESS,R4,31,14,32,33,ADD,0,840,10560,STABLE,0,0
857,R4_  STRESS,R4,32,15,32,33,ADD,0,840,12672,STABLE,0,0
858,R4_  STRESS,R4,33,16,32,33,ADD,0,840,14784,STABLE,0,0
859,R4_  STRESS,R4,34,0,15,15,ADD,2,3e8,16896,COLLAPSE,0,0
860,R4_  STRESS,R4,35,1,15,15,ADD,2,3e8,0,COLLAPSE,0,0
861,R4_  STRESS,R4,36,2,15,15,ADD,2,3e8,0,COLLAPSE,0,0
862,R4_  STRESS,R4,37,3,48,48,ADD,3,c14,0,SATURATE,0,0
863,R4_  STRESS,R4,38,4,48,48,ADD,3,c14,0,SATURATE,0,0
864,R4_  STRESS,R4,39,5,48,48,ADD,3,c14,0,SATURATE,0,0
865,R4_  STRESS,R4,40,6,32,33,ADD,0,840,0,STABLE,0,0
866,R4_  STRESS,R4,41,7,32,33,ADD,0,840,2112,STABLE,0,0
867,R4_  STRESS,R4,42,8,32,33,ADD,0,840,4224,STABLE,0,0
868,R4_  STRESS,R4,43,9,32,33,ADD,0,840,6336,STABLE,0,0
869,R4_  STRESS,R4,44,10,15,15,ADD,2,3e8,8448,COLLAPSE,0,0
870,R4_  STRESS,R4,45,11,15,15,ADD,2,3e8,8448,COLLAPSE,0,0
871,R4_  STRESS,R4,46,12,15,15,ADD,2,3e8,8448,COLLAPSE,0,0
872,R4_  STRESS,R4,47,13,48,48,ADD,3,c14,8448,SATURATE,0,0
873,R4_  STRESS,R4,48,14,48,48,ADD,3,c14,8448,SATURATE,0,0
874,R4_  STRESS,R4,49,15,48,48,ADD,3,c14,8448,SATURATE,0,0
875,R4_  STRESS,R4,50,16,32,33,ADD,0,840,8448,STABLE,0,0
876,R4_  STRESS,R4,51,0,32,33,ADD,0,840,10560,STABLE,0,0
877,R4_  STRESS,R4,52,1,32,33,ADD,0,840,0,STABLE,0,0
878,R4_  STRESS,R4,53,2,32,33,ADD,0,840,2112,STABLE,0,0
879,R4_  STRESS,R4,54,3,15,15,ADD,2,3e8,4224,COLLAPSE,0,0
880,R4_  STRESS,R4,55,4,15,15,ADD,2,3e8,4224,COLLAPSE,0,0
881,R4_  STRESS,R4,56,5,15,15,ADD,2,3e8,4224,COLLAPSE,0,0
882,R4_  STRESS,R4,57,6,48,48,ADD,3,c14,4224,SATURATE,0,0
883,R4_  STRESS,R4,58,7,48,48,ADD,3,c14,4224,SATURATE,0,0
884,R4_  STRESS,R4,59,8,48,48,ADD,3,c14,4224,SATURATE,0,0
885,R4_  STRESS,R4,60,9,32,33,ADD,0,840,4224,STABLE,0,0
886,R4_  STRESS,R4,61,10,32,33,ADD,0,840,6336,STABLE,0,0
887,R4_  STRESS,R4,62,11,32,33,ADD,0,840,8448,STABLE,0,0
888,R4_  STRESS,R4,63,12,32,33,ADD,0,840,10560,STABLE,0,0
889,R4_  STRESS,R4,64,13,15,15,ADD,2,3e8,12672,COLLAPSE,0,0
890,R4_  STRESS,R4,65,14,15,15,ADD,2,3e8,12672,COLLAPSE,0,0
891,R4_  STRESS,R4,66,15,15,15,ADD,2,3e8,12672,COLLAPSE,0,0
892,R4_  STRESS,R4,67,16,48,48,ADD,3,c14,12672,SATURATE,0,0
893,R4_  STRESS,R4,68,0,48,48,ADD,3,c14,12672,SATURATE,0,0
894,R4_  STRESS,R4,69,1,48,48,ADD,3,c14,0,SATURATE,0,0
895,R4_  STRESS,R4,70,2,32,33,ADD,0,840,0,STABLE,0,0
896,R4_  STRESS,R4,71,3,32,33,ADD,0,840,2112,STABLE,0,0
897,R4_  STRESS,R4,72,4,32,33,ADD,0,840,4224,STABLE,0,0
898,R4_  STRESS,R4,73,5,32,33,ADD,0,840,6336,STABLE,0,0
899,R4_  STRESS,R4,74,6,15,15,ADD,2,3e8,8448,COLLAPSE,0,0
900,R4_  STRESS,R4,75,7,15,15,ADD,2,3e8,8448,COLLAPSE,0,0
901,R4_  STRESS,R4,76,8,15,15,ADD,2,3e8,8448,COLLAPSE,0,0
902,R4_  STRESS,R4,77,9,48,48,ADD,3,c14,8448,SATURATE,0,0
903,R4_  STRESS,R4,78,10,48,48,ADD,3,c14,8448,SATURATE,0,0
904,R4_  STRESS,R4,79,11,48,48,ADD,3,c14,8448,SATURATE,0,0
905,R4_  STRESS,R4,80,12,32,33,ADD,0,840,8448,STABLE,0,0
906,R4_  STRESS,R4,81,13,32,33,ADD,0,840,10560,STABLE,0,0
907,R4_  STRESS,R4,82,14,32,33,ADD,0,840,12672,STABLE,0,0
908,R4_  STRESS,R4,83,15,32,33,ADD,0,840,14784,STABLE,0,0
909,R4_  STRESS,R4,84,16,15,15,ADD,2,3e8,16896,COLLAPSE,0,0
910,R4_  STRESS,R4,85,0,15,15,ADD,2,3e8,16896,COLLAPSE,0,0
911,R4_  STRESS,R4,86,1,15,15,ADD,2,3e8,0,COLLAPSE,0,0
912,R4_  STRESS,R4,87,2,48,48,ADD,3,c14,0,SATURATE,0,0
913,R4_  STRESS,R4,88,3,48,48,ADD,3,c14,0,SATURATE,0,0
914,R4_  STRESS,R4,89,4,48,48,ADD,3,c14,0,SATURATE,0,0
915,R4_  STRESS,R4,90,5,32,33,ADD,0,840,0,STABLE,0,0
916,R4_  STRESS,R4,91,6,32,33,ADD,0,840,2112,STABLE,0,0
917,R4_  STRESS,R4,92,7,32,33,ADD,0,840,4224,STABLE,0,0
918,R4_  STRESS,R4,93,8,32,33,ADD,0,840,6336,STABLE,0,0
919,R4_  STRESS,R4,94,9,15,15,ADD,2,3e8,8448,COLLAPSE,0,0
920,R4_  STRESS,R4,95,10,15,15,ADD,2,3e8,8448,COLLAPSE,0,0
921,R4_  STRESS,R4,96,11,15,15,ADD,2,3e8,8448,COLLAPSE,0,0
922,R4_  STRESS,R4,97,12,48,48,ADD,3,c14,8448,SATURATE,0,0
923,R4_  STRESS,R4,98,13,48,48,ADD,3,c14,8448,SATURATE,0,0
924,R4_  STRESS,R4,99,14,48,48,ADD,3,c14,8448,SATURATE,0,0
925,R4_  STRESS,R4,100,15,32,33,ADD,0,840,8448,STABLE,0,0
926,R4_  STRESS,R4,101,16,32,33,ADD,0,840,10560,STABLE,0,0
927,R4_  STRESS,R4,102,0,32,33,ADD,0,840,12672,STABLE,0,0
928,R4_  STRESS,R4,103,1,32,33,ADD,0,840,0,STABLE,0,0
929,R4_  STRESS,R4,104,2,15,15,ADD,2,3e8,2112,COLLAPSE,0,0
930,R4_  STRESS,R4,105,3,15,15,ADD,2,3e8,2112,COLLAPSE,0,0
931,R4_  STRESS,R4,106,4,15,15,ADD,2,3e8,2112,COLLAPSE,0,0
932,R4_  STRESS,R4,107,5,48,48,ADD,3,c14,2112,SATURATE,0,0
933,R4_  STRESS,R4,108,6,48,48,ADD,3,c14,2112,SATURATE,0,0
934,R4_  STRESS,R4,109,7,48,48,ADD,3,c14,2112,SATURATE,0,0
935,R4_  STRESS,R4,110,8,32,33,ADD,0,840,2112,STABLE,0,0
936,R4_  STRESS,R4,111,9,32,33,ADD,0,840,4224,STABLE,0,0
937,R4_  STRESS,R4,112,10,32,33,ADD,0,840,6336,STABLE,0,0
938,R4_  STRESS,R4,113,11,32,33,ADD,0,840,8448,STABLE,0,0
939,R4_  STRESS,R4,114,12,15,15,ADD,2,3e8,10560,COLLAPSE,0,0
940,R4_  STRESS,R4,115,13,15,15,ADD,2,3e8,10560,COLLAPSE,0,0
941,R4_  STRESS,R4,116,14,15,15,ADD,2,3e8,10560,COLLAPSE,0,0
942,R4_  STRESS,R4,117,15,48,48,ADD,3,c14,10560,SATURATE,0,0
943,R4_  STRESS,R4,118,16,48,48,ADD,3,c14,10560,SATURATE,0,0
944,R4_  STRESS,R4,119,0,48,48,ADD,3,c14,10560,SATURATE,0,0
945,R4_  STRESS,R4,120,1,32,33,ADD,0,840,0,STABLE,0,0
946,R4_  STRESS,R4,121,2,32,33,ADD,0,840,2112,STABLE,0,0
947,R4_  STRESS,R4,122,3,32,33,ADD,0,840,4224,STABLE,0,0
948,R4_  STRESS,R4,123,4,32,33,ADD,0,840,6336,STABLE,0,0
949,R4_  STRESS,R4,124,5,15,15,ADD,2,3e8,8448,COLLAPSE,0,0
950,R4_  STRESS,R4,125,6,15,15,ADD,2,3e8,8448,COLLAPSE,0,0
951,R4_  STRESS,R4,126,7,15,15,ADD,2,3e8,8448,COLLAPSE,0,0
952,R4_  STRESS,R4,127,8,48,48,ADD,3,c14,8448,SATURATE,0,0
953,R4_  STRESS,R4,128,9,48,48,ADD,3,c14,8448,SATURATE,0,0
954,R4_  STRESS,R4,129,10,48,48,ADD,3,c14,8448,SATURATE,0,0
955,R4_  STRESS,R4,130,11,32,33,ADD,0,840,8448,STABLE,0,0
956,R4_  STRESS,R4,131,12,32,33,ADD,0,840,10560,STABLE,0,0
957,R4_  STRESS,R4,132,13,32,33,ADD,0,840,12672,STABLE,0,0
958,R4_  STRESS,R4,133,14,32,33,ADD,0,840,14784,STABLE,0,0
959,R4_  STRESS,R4,134,15,15,15,ADD,2,3e8,16896,COLLAPSE,0,0
960,R4_  STRESS,R4,135,16,15,15,ADD,2,3e8,16896,COLLAPSE,0,0
961,R4_  STRESS,R4,136,0,15,15,ADD,2,3e8,16896,COLLAPSE,0,0
962,R4_  STRESS,R4,137,1,48,48,ADD,3,c14,0,SATURATE,0,0
963,R4_  STRESS,R4,138,2,48,48,ADD,3,c14,0,SATURATE,0,0
964,R4_  STRESS,R4,139,3,48,48,ADD,3,c14,0,SATURATE,0,0
965,R4_  STRESS,R4,140,4,32,33,ADD,0,840,0,STABLE,0,0
966,R4_  STRESS,R4,141,5,32,33,ADD,0,840,2112,STABLE,0,0
967,R4_  STRESS,R4,142,6,32,33,ADD,0,840,4224,STABLE,0,0
968,R4_  STRESS,R4,143,7,32,33,ADD,0,840,6336,STABLE,0,0
969,R4_  STRESS,R4,144,8,15,15,ADD,2,3e8,8448,COLLAPSE,0,0
970,R4_  STRESS,R4,145,9,15,15,ADD,2,3e8,8448,COLLAPSE,0,0
971,R4_  STRESS,R4,146,10,15,15,ADD,2,3e8,8448,COLLAPSE,0,0
972,R4_  STRESS,R4,147,11,48,48,ADD,3,c14,8448,SATURATE,0,0
973,R4_  STRESS,R4,148,12,48,48,ADD,3,c14,8448,SATURATE,0,0
974,R4_  STRESS,R4,149,13,48,48,ADD,3,c14,8448,SATURATE,0,0
975,R4_  STRESS,R4,150,14,32,33,ADD,0,840,8448,STABLE,0,0
976,R4_  STRESS,R4,151,15,32,33,ADD,0,840,10560,STABLE,0,0
977,R4_  STRESS,R4,152,16,32,33,ADD,0,840,12672,STABLE,0,0
978,R4_  STRESS,R4,153,0,32,33,ADD,0,840,14784,STABLE,0,0
979,R4_  STRESS,R4,154,1,15,15,ADD,2,3e8,0,COLLAPSE,0,0
980,R4_  STRESS,R4,155,2,15,15,ADD,2,3e8,0,COLLAPSE,0,0
981,R4_  STRESS,R4,156,3,15,15,ADD,2,3e8,0,COLLAPSE,0,0
982,R4_  STRESS,R4,157,4,48,48,ADD,3,c14,0,SATURATE,0,0
983,R4_  STRESS,R4,158,5,48,48,ADD,3,c14,0,SATURATE,0,0
984,R4_  STRESS,R4,159,6,48,48,ADD,3,c14,0,SATURATE,0,0
985,R4_  STRESS,R4,160,7,32,33,ADD,0,840,0,STABLE,0,0
986,R4_  STRESS,R4,161,8,32,33,ADD,0,840,2112,STABLE,0,0
987,R4_  STRESS,R4,162,9,32,33,ADD,0,840,4224,STABLE,0,0
988,R4_  STRESS,R4,163,10,32,33,ADD,0,840,6336,STABLE,0,0
989,R4_  STRESS,R4,164,11,15,15,ADD,2,3e8,8448,COLLAPSE,0,0
990,R4_  STRESS,R4,165,12,15,15,ADD,2,3e8,8448,COLLAPSE,0,0
991,R4_  STRESS,R4,166,13,15,15,ADD,2,3e8,8448,COLLAPSE,0,0
992,R4_  STRESS,R4,167,14,48,48,ADD,3,c14,8448,SATURATE,0,0
993,R4_  STRESS,R4,168,15,48,48,ADD,3,c14,8448,SATURATE,0,0
994,R4_  STRESS,R4,169,16,48,48,ADD,3,c14,8448,SATURATE,0,0
995,R4_  STRESS,R4,170,0,32,33,ADD,0,840,8448,STABLE,0,0
996,R4_  STRESS,R4,171,1,32,33,ADD,0,840,0,STABLE,0,0
997,R4_  STRESS,R4,172,2,32,33,ADD,0,840,2112,STABLE,0,0
998,R4_  STRESS,R4,173,3,32,33,ADD,0,840,4224,STABLE,0,0
999,R4_  STRESS,R4,174,4,15,15,ADD,2,3e8,6336,COLLAPSE,0,0
1000,R4_  STRESS,R4,175,5,15,15,ADD,2,3e8,6336,COLLAPSE,0,0
1001,R4_  STRESS,R4,176,6,15,15,ADD,2,3e8,6336,COLLAPSE,0,0
1002,R4_  STRESS,R4,177,7,48,48,ADD,3,c14,6336,SATURATE,0,0
1003,R4_  STRESS,R4,178,8,48,48,ADD,3,c14,6336,SATURATE,0,0
1004,R4_  STRESS,R4,179,9,48,48,ADD,3,c14,6336,SATURATE,0,0
1005,R4_  STRESS,R4,180,10,32,33,ADD,0,840,6336,STABLE,0,0
1006,R4_  STRESS,R4,181,11,32,33,ADD,0,840,8448,STABLE,0,0
1007,R4_  STRESS,R4,182,12,32,33,ADD,0,840,10560,STABLE,0,0
1008,R4_  STRESS,R4,183,13,32,33,ADD,0,840,12672,STABLE,0,0
1009,R4_  STRESS,R4,184,14,15,15,ADD,2,3e8,14784,COLLAPSE,0,0
1010,R4_  STRESS,R4,185,15,15,15,ADD,2,3e8,14784,COLLAPSE,0,0
1011,R4_  STRESS,R4,186,16,15,15,ADD,2,3e8,14784,COLLAPSE,0,0
1012,R4_  STRESS,R4,187,0,48,48,ADD,3,c14,14784,SATURATE,0,0
1013,R4_  STRESS,R4,188,1,48,48,ADD,3,c14,0,SATURATE,0,0
1014,R4_  STRESS,R4,189,2,48,48,ADD,3,c14,0,SATURATE,0,0
1015,R4_  STRESS,R4,190,3,32,33,ADD,0,840,0,STABLE,0,0
1016,R4_  STRESS,R4,191,4,32,33,ADD,0,840,2112,STABLE,0,0
1017,R4_  STRESS,R4,192,5,32,33,ADD,0,840,4224,STABLE,0,0
1018,R4_  STRESS,R4,193,6,32,33,ADD,0,840,6336,STABLE,0,0
1019,R4_  STRESS,R4,194,7,15,15,ADD,2,3e8,8448,COLLAPSE,0,0
1020,R4_  STRESS,R4,195,8,15,15,ADD,2,3e8,8448,COLLAPSE,0,0
1021,R4_  STRESS,R4,196,9,15,15,ADD,2,3e8,8448,COLLAPSE,0,0
1022,R4_  STRESS,R4,197,10,48,48,ADD,3,c14,8448,SATURATE,0,0
1023,R4_  STRESS,R4,198,11,48,48,ADD,3,c14,8448,SATURATE,0,0
1024,R4_  STRESS,R4,199,12,48,48,ADD,3,c14,8448,SATURATE,0,0
1025,R4_RECOVERY,R4,200,13,32,32,MUL,0,800,8448,STABLE,0,0
1026,R4_RECOVERY,R4,201,14,32,32,MUL,0,800,10496,STABLE,0,0
1027,R4_RECOVERY,R4,202,15,32,32,MUL,0,800,12544,STABLE,0,0
1028,R4_RECOVERY,R4,203,16,32,32,MUL,0,800,14592,STABLE,0,0
1029,R4_RECOVERY,R4,204,0,32,32,MUL,0,800,16640,STABLE,0,0
1030,R4_RECOVERY,R4,205,1,32,32,MUL,0,800,0,STABLE,0,0
1031,R4_RECOVERY,R4,206,2,32,32,MUL,0,800,2048,STABLE,0,0
1032,R4_RECOVERY,R4,207,3,32,32,MUL,0,800,4096,STABLE,0,0
1033,R4_RECOVERY,R4,208,4,32,32,MUL,0,800,6144,STABLE,0,0
1034,R4_RECOVERY,R4,209,5,32,32,MUL,0,800,8192,STABLE,0,0
1035,R4_RECOVERY,R4,210,6,32,32,MUL,0,800,10240,STABLE,0,0
1036,R4_RECOVERY,R4,211,7,32,32,MUL,0,800,12288,STABLE,0,0
1037,R4_RECOVERY,R4,212,8,32,32,MUL,0,800,14336,STABLE,0,0
1038,R4_RECOVERY,R4,213,9,32,32,MUL,0,800,16384,STABLE,0,0
1039,R4_RECOVERY,R4,214,10,32,32,MUL,0,800,18432,STABLE,0,0
1040,R4_RECOVERY,R4,215,11,32,32,MUL,0,800,20480,STABLE,0,0
1041,R4_RECOVERY,R4,216,12,32,32,MUL,0,800,22528,STABLE,0,0
1042,R4_RECOVERY,R4,217,13,32,32,MUL,0,800,24576,STABLE,0,0
1043,R4_RECOVERY,R4,218,14,32,32,MUL,0,800,26624,STABLE,0,0
1044,R4_RECOVERY,R4,219,15,32,32,MUL,0,800,28672,STABLE,0,0
1045,R4_RECOVERY,R4,220,16,32,32,MUL,0,800,30720,STABLE,0,0
1046,R4_RECOVERY,R4,221,0,32,32,MUL,0,800,32768,STABLE,0,0
1047,R4_RECOVERY,R4,222,1,32,32,MUL,0,800,0,STABLE,0,0
1048,R4_RECOVERY,R4,223,2,32,32,MUL,0,800,2048,STABLE,0,0
1049,R4_RECOVERY,R4,224,3,32,32,MUL,0,800,4096,STABLE,0,0
1050,R4_RECOVERY,R4,225,4,32,32,MUL,0,800,6144,STABLE,0,0
1051,R4_RECOVERY,R4,226,5,32,32,MUL,0,800,8192,STABLE,0,0
1052,R4_RECOVERY,R4,227,6,32,32,MUL,0,800,10240,STABLE,0,0
1053,R4_RECOVERY,R4,228,7,32,32,MUL,0,800,12288,STABLE,0,0
1054,R4_RECOVERY,R4,229,8,32,32,MUL,0,800,14336,STABLE,0,0
1055,R4_RECOVERY,R4,230,9,32,32,MUL,0,800,16384,STABLE,0,0
1056,R4_RECOVERY,R4,231,10,32,32,MUL,0,800,18432,STABLE,0,0
1057,R4_RECOVERY,R4,232,11,32,32,MUL,0,800,20480,STABLE,0,0
1058,R4_RECOVERY,R4,233,12,32,32,MUL,0,800,22528,STABLE,0,0
1059,R4_RECOVERY,R4,234,13,32,32,MUL,0,800,24576,STABLE,0,0
1060,R4_RECOVERY,R4,235,14,32,32,MUL,0,800,26624,STABLE,0,0
1061,R4_RECOVERY,R4,236,15,32,32,MUL,0,800,28672,STABLE,0,0
1062,R4_RECOVERY,R4,237,16,32,32,MUL,0,800,30720,STABLE,0,0
1063,R4_RECOVERY,R4,238,0,32,32,MUL,0,800,32768,STABLE,0,0
1064,R4_RECOVERY,R4,239,1,32,32,MUL,0,800,0,STABLE,0,0
1065,R4_RECOVERY,R4,240,2,32,32,MUL,0,800,2048,STABLE,0,0
1066,R4_RECOVERY,R4,241,3,32,32,MUL,0,800,4096,STABLE,0,0
1067,R4_RECOVERY,R4,242,4,32,32,MUL,0,800,6144,STABLE,0,0
1068,R4_RECOVERY,R4,243,5,32,32,MUL,0,800,8192,STABLE,0,0
1069,R4_RECOVERY,R4,244,6,32,32,MUL,0,800,10240,STABLE,0,0
1070,R4_RECOVERY,R4,245,7,32,32,MUL,0,800,12288,STABLE,0,0
1071,R4_RECOVERY,R4,246,8,32,32,MUL,0,800,14336,STABLE,0,0
1072,R4_RECOVERY,R4,247,9,32,32,MUL,0,800,16384,STABLE,0,0
1073,R4_RECOVERY,R4,248,10,32,32,MUL,0,800,18432,STABLE,0,0
1074,R4_RECOVERY,R4,249,11,32,32,MUL,0,800,20480,STABLE,0,0
1075,R4_RECOVERY,R4,250,12,32,32,MUL,0,800,22528,STABLE,0,0
1076,R4_RECOVERY,R4,251,13,32,32,MUL,0,800,24576,STABLE,0,0
1077,R4_RECOVERY,R4,252,14,32,32,MUL,0,800,26624,STABLE,0,0
1078,R4_RECOVERY,R4,253,15,32,32,MUL,0,800,28672,STABLE,0,0
1079,R4_RECOVERY,R4,254,16,32,32,MUL,0,800,30720,STABLE,0,0
1080,R4_RECOVERY,R4,255,0,32,32,MUL,0,800,32768,STABLE,0,0
1081,R4_RECOVERY,R4,256,1,32,32,MUL,0,800,0,STABLE,0,0
1082,R4_RECOVERY,R4,257,2,32,32,MUL,0,800,2048,STABLE,0,0
1083,R4_RECOVERY,R4,258,3,32,32,MUL,0,800,4096,STABLE,0,0
1084,R4_RECOVERY,R4,259,4,32,32,MUL,0,800,6144,STABLE,0,0
1085,R4_RECOVERY,R4,260,5,32,32,MUL,0,800,8192,STABLE,0,0
1086,R4_RECOVERY,R4,261,6,32,32,MUL,0,800,10240,STABLE,0,0
1087,R4_RECOVERY,R4,262,7,32,32,MUL,0,800,12288,STABLE,0,0
1088,R4_RECOVERY,R4,263,8,32,32,MUL,0,800,14336,STABLE,0,0
1089,R4_RECOVERY,R4,264,9,32,32,MUL,0,800,16384,STABLE,0,0
1090,R4_RECOVERY,R4,265,10,32,32,MUL,0,800,18432,STABLE,0,0
1091,R4_RECOVERY,R4,266,11,32,32,MUL,0,800,20480,STABLE,0,0
1092,R4_RECOVERY,R4,267,12,32,32,MUL,0,800,22528,STABLE,0,0
1093,R4_RECOVERY,R4,268,13,32,32,MUL,0,800,24576,STABLE,0,0
1094,R4_RECOVERY,R4,269,14,32,32,MUL,0,800,26624,STABLE,0,0
1095,R4_RECOVERY,R4,270,15,32,32,MUL,0,800,28672,STABLE,0,0
1096,R4_RECOVERY,R4,271,16,32,32,MUL,0,800,30720,STABLE,0,0
1097,R4_RECOVERY,R4,272,0,32,32,MUL,0,800,32768,STABLE,0,0
1098,R4_RECOVERY,R4,273,1,32,32,MUL,0,800,0,STABLE,0,0
1099,R4_RECOVERY,R4,274,2,32,32,MUL,0,800,2048,STABLE,0,0
